,Calb_my_2024
R03302KEGGR03302,0.0
ry130YCM606,0.0
R599ANIGERR04386,0.0
R07636KEGGR07636,0.0
r0561YCM606R03471,0.0
R06194KEGGR06194,0.0
r0721YCM606R01626,0.0
RXN10945MetaCyc,0.0
r1082YCM606R03194,0.0
R05229KEGGR05229,0.0
R01773KEGGR01773,0.0
R01689KEGGR01689,0.0
RXN12561MetaCyc,0.0
RXN12790MetaCyc,0.0
r618ANIDULANSR10170,1.3124410422405812
r0785YCM606R03005,0.0
r0770YCM606R02163,119.28216166485362
RXN66351MetaCyc,0.0
R05041KEGGR05041,0.0
R01851KEGGR01851,0.0
RXN1744MetaCyc,-16.053207088627303
ry43YCM606,0.0
R06920KEGGR06920,0.0
N44614624629RXNMetaCyc,0.0
r1007YCM606R02976,0.0
r689iLC915R08162,0.0
R09386KEGGR09386,0.0
R07890KEGGR07890,0.0
R04672KEGGR04672,81.11904712005109
R04321KEGGR04321,0.0
r387AORYZAE,0.0
R04754KEGGR04754,0.0
R06861KEGGR06861,0.0
R08267KEGGR08267,0.0
r0557YCM606R00084,0.0
R00101KEGGR00101,0.0
R01598KEGGR01598,0.0
r894iLC915R07760,0.0
R06892KEGGR06892,0.0
r1056iLC915R04230,0.0
R09951KEGGR09951,0.0
R04810KEGGR04810,0.0
R03830KEGGR03830,0.0
R00316KEGGR00316,0.0
r721iLC915R03024,0.0
R06942KEGGR06942,0.0
RXN10086MetaCyc,0.0
R381RXNMetaCyc,0.0
r0314YCM606R01878,0.0
r1033YCM606R02135,0.0
r0244YCM606R05641,0.001623789711307669
r804AORYZAE,0.0
r1576AORYZAER06526,0.0
R07477KEGGR07477,0.0
R10064KEGGR10064,0.0
R07056KEGGR07056,0.0
R08181KEGGR08181,0.0
r947AORYZAER00524,2.846203917343288
R08118KEGGR08118,0.0
RXN12261MetaCyc,0.0
R10013KEGGR10013,0.0
R05455KEGGR05455,0.0
r0676YCM606,0.0
R01166KEGGR01166,0.0
R02985KEGGR02985,0.0
r69iLC915R01899,0.0
R07406KEGGR07406,0.0
r73iLC915R01521,0.0
R09834KEGGR09834,0.0
r0903YCM606R04509,0.0
R05734KEGGR05734,0.0
R09244KEGGR09244,0.0
RXN11301MetaCyc,0.0
R05546KEGGR05546,0.0
r0803YCM606R02331,0.0
r0915YCM606R01072,0.0
r0307YCM606R00571,0.0
R07947KEGGR07947,0.0
R03445KEGGR03445,0.0
R01318KEGGR01318,0.0
R08728KEGGR08728,0.0
R00877KEGGR00877,0.0
r176iLC915R07600,0.0
R01962KEGGR01962,0.0
R05197KEGGR05197,0.0
R02830KEGGR02830,0.0
r567AORYZAER00483,0.0
R08238KEGGR08238,0.0
R02372KEGGR02372,0.0
ry17YCM606,0.0
r893ANIDULANS,0.0
r929AORYZAE,0.0
R06326KEGGR06326,0.0
R02354KEGGR02354,0.0
r0911YCM606R04209,0.0
R04701KEGGR04701,0.0
r1797AORYZAER05145,0.0
R04027KEGGR04027,0.0
R09878KEGGR09878,0.0
R09384KEGGR09384,0.0
R530ANIGER,1.0939455135773368
r0673YCM606R05051,0.0
R09735KEGGR09735,0.0
R00140KEGGR00140,0.0
r1091YCM606R02142,0.0
r819AORYZAER00927,0.0
RXN12400MetaCyc,0.0
R03592KEGGR03592,0.0
r0544YCM606R00650,0.0
R06576KEGGR06576,0.0
R01151KEGGR01151,2.825917108994529
ry128YCM606,0.0
r1704YCM606R01665,0.0
R205ANIGERR02731,0.0
RXN12123MetaCyc,0.0
R08432KEGGR08432,0.0
R06366KEGGR06366,0.0
R05691KEGGR05691,0.0
r0912YCM606R04560,0.0
r0044YCM606R06866,0.0
R05271KEGGR05271,0.0
R267ANIGERR03891,0.0
R09404KEGGR09404,0.0
r0090YCM606,0.0
r38iLC915R03123,0.0
R03178KEGGR03178,0.0
RXN04342MetaCyc,0.0
R09176KEGGR09176,0.0
R04723KEGGR04723,0.0
R00646KEGGR00646,0.0
R04083KEGGR04083,0.0
RXN12399MetaCyc,0.0
R09173KEGGR09173,0.0
R02868KEGGR02868,0.0
r1002AORYZAER00251,3.9999976803004125
ry1YCM606,0.0
AMINOPROPDEHYDROGRXNMetaCyc,0.0
R162ANIGERR01057,-5.621415748508225
ry15YCM606,0.0
r892AORYZAER00685,0.0
ry1117YCM606,0.0
r261iLC915R02235,0.0
r0082YCM606R05779,0.0
RXN8252MetaCyc,0.0
r0124YCM606,0.0
R08945KEGGR08945,0.0
ISOCITCLEAVRXNMetaCyc,1.0
r39iLC915R01163,0.0
r0758YCM606,0.0
r0115YCM606R02649,0.0
R03249KEGGR03249,0.0
r0672YCM606R04444,0.0
R10066KEGGR10066,0.0
R02908KEGGR02908,0.0
R01888KEGGR01888,0.0
r715iSS884R01334,0.0
RXN22MetaCyc,0.0
r879ANIDULANSR00391,0.0
DIHYDROXYMETVALDEHYDRATRXNMetaCyc,0.0
R01669KEGGR01669,0.0
R02516KEGGR02516,-16.01827993753932
RXN11284MetaCyc,0.0
R07866KEGGR07866,0.0
R07972KEGGR07972,0.0
r0732YCM606R01220,0.0
R10069KEGGR10069,0.0
R09425KEGGR09425,0.0
R600ANIGERR04385,0.0
R09737KEGGR09737,0.0
r0199YCM606R03180,0.0
R308ANIGERR09504,0.0
R01708KEGGR01708,0.0
RXN9191MetaCyc,0.0
R03330KEGGR03330,0.0
r0905YCM606R04231,0.015312336977627794
R04890KEGGR04890,0.0
R08237KEGGR08237,0.0
R00070KEGGR00070,0.0
DICHLOROMETHANEDEHALOGENASERXNMetaCyc,0.0
R00917KEGGR00917,0.0
R02584KEGGR02584,0.0
RXN11015MetaCyc,0.0
R03331KEGGR03331,0.0
R07171KEGGR07171,0.0
R08275KEGGR08275,0.0
R03756KEGGR03756,0.0
R06573KEGGR06573,0.0
r0470YCM606R00243,-86.59686515053646
R257ANIGER,0.0
r115iLC915R02444,0.0
R04594KEGGR04594,0.0
R09944KEGGR09944,-0.9999999999798342
r0466YCM606R00835,0.0
R05223KEGGR05223,0.0
RXN9365MetaCyc,0.0
r1808AORYZAER04147,0.0
R02091KEGGR02091,0.0
ry99YCM606,0.0
r0122YCM606,0.0
r0249YCM606R07273,16.01827993753932
r1241AORYZAE,0.0
R503RXNMetaCyc,0.0
GALACTOKINRXNMetaCyc,0.0
R07999KEGGR07999,0.0
r32iLC915R07494,0.0051033390926812465
R05367KEGGR05367,0.0
r1217AORYZAER04964,0.0
R00995KEGGR00995,0.0
R08821KEGGR08821,0.0
R01752KEGGR01752,0.0
R07613KEGGR07613,0.0
r116iLC915R05724,0.0
r1093YCM606R01431,0.0
R00967KEGGR00967,0.0
r0339YCM606,0.0
RXN9288MetaCyc,0.0
R30ANIGERR01830,-5.50913996876966
r497iLC915R08359,0.0
R01496KEGGR01496,0.0
R03945KEGGR03945,0.0
R03777KEGGR03777,0.0
R01344KEGGR01344,0.0
R05190KEGGR05190,0.0
R01315KEGGR01315,0.0
RXN7282MetaCyc,0.0
RXN9234MetaCyc,0.0
R08206KEGGR08206,0.0
R02733KEGGR02733,0.0
r813AORYZAER03352,0.0
RXN9451MetaCyc,0.0
R08306KEGGR08306,0.0
R03455KEGGR03455,0.0
RXN9241MetaCyc,0.0
ry374YCM606,0.0
R04506KEGGR04506,0.0
R325ANIGER,2.617945477915098
r0556YCM606R04448,0.0
RXN05185MetaCyc,0.0
R04188KEGGR04188,0.0
R02952KEGGR02952,0.0
R00436KEGGR00436,0.0
R06527KEGGR06527,0.0
r241iLC915R06740,0.0
R06921KEGGR06921,0.0
RXN12788MetaCyc,0.0
R04856KEGGR04856,0.0
R741ANIGERR01176,0.0
RXN10040MetaCyc,0.0
r703AORYZAE,0.0
R09031KEGGR09031,0.0
RXN06948MetaCyc,0.0
r1075ANIDULANSR03112,0.0
RXN10065MetaCyc,0.0
RXN12281MetaCyc,0.0
R06863KEGGR06863,0.0
r848iLC915R03936,0.0
R02535KEGGR02535,0.0
R07366KEGGR07366,0.0
r2050YCM606,0.0
R08834KEGGR08834,0.0
R07116KEGGR07116,0.0
R02747KEGGR02747,0.0
r1231AORYZAER04543,0.0
RXN9279MetaCyc,0.0
ry1122YCM606,0.0
R04429KEGGR04429,0.0
R04936KEGGR04936,0.0
r0020YCM606R01826,15.01827993753932
r1616AORYZAE,1.344386824086996e-11
R08353KEGGR08353,0.0
R07363KEGGR07363,0.0
RXN8041MetaCyc,0.0
R07000KEGGR07000,0.0
r0909YCM606R04037,0.0
R00379KEGGR00379,0.0
R545RXNMetaCyc,0.0
ry40YCM606,0.0
R120ANIGERR00746,0.0
r0017YCM606R03503,0.0
r0942YCM606R03222,0.0
r0948YCM606R02748,0.0
RXN9174MetaCyc,0.0
R07888KEGGR07888,0.0
R04300KEGGR04300,0.0
RXN10971MetaCyc,0.0
r0200YCM606R02529,0.0
r663AORYZAER00893,0.0
R08738KEGGR08738,0.0
ry142YCM606,1.008290118065247e-11
r308AORYZAER01332,0.0
r1161iAL1006R00025,0.0
R11ANIGERR02739,0.0
R03788KEGGR03788,0.0
r584AORYZAE,0.0
r1105iAL1006,0.0
R02892KEGGR02892,0.0
R06407KEGGR06407,0.0
R01931KEGGR01931,0.0
RXN9002MetaCyc,0.0
RXN10606MetaCyc,0.0
R07079KEGGR07079,0.0
R03805KEGGR03805,0.0
RXN9287MetaCyc,0.0
r0947YCM606R01969,0.0
r0266YCM606R06527,0.0
RXN9358MetaCyc,0.0
r1603YCM606,0.0
r0658YCM606R00709,0.0
r662ANIDULANSR01728,0.0
R07503KEGGR07503,0.0
r231iLC915R04095,0.0
R01473KEGGR01473,0.0
r1806AORYZAER04872,0.0
r40iLC915R03012,0.0
R02794KEGGR02794,0.0
R07953KEGGR07953,0.0
R01541KEGGR01541,0.0
R04888KEGGR04888,0.0
r0854YCM606R01377,18.471062804828634
R07023KEGGR07023,0.0
RXN9374MetaCyc,0.0
r0285YCM606R05611,0.0
RXN11543MetaCyc,0.0
r0671YCM606R01960,0.0
R10196KEGGR10196,0.0
RXN11217MetaCyc,0.0
r0902YCM606R01818,-1.8740852968078083
r1045YCM606R02101,0.0
r808iLC915R05046,0.0
R09522KEGGR09522,0.0
r1084YCM606R00289,0.0
R07134KEGGR07134,0.0
R07105KEGGR07105,0.0
R06571KEGGR06571,0.0
r1234AORYZAER04970,0.0
r0412YCM606,0.0
R03417KEGGR03417,0.0
R04090KEGGR04090,0.0
R08034KEGGR08034,0.0
R157ANIGERR05604,0.0
R08121KEGGR08121,0.0
r704iLC915R01010,0.0
R05425KEGGR05425,0.0
r0091iAL1006R01700,0.0
ry5YCM606,0.0
R00264KEGGR00264,0.0
R04989KEGGR04989,0.0
r0998YCM606R03947,0.0
R05358KEGGR05358,0.0
R02097KEGGR02097,0.0
RXN9244MetaCyc,0.0
r0108YCM606R00742,0.0
R468ANIGERR04209,0.0
R07149KEGGR07149,0.0
R09416KEGGR09416,0.0
RXN11246MetaCyc,0.0
R01630KEGGR01630,0.0
R05558KEGGR05558,0.0
R04944KEGGR04944,0.0
R09596KEGGR09596,0.0
r172iLC915R00621,0.0
N6PHOSPHOBETAGLUCOSIDASERXNMetaCyc,0.0
ry382YCM606,0.0
R07042KEGGR07042,0.0
r558iLC915R01737,1.0
r960AORYZAE,0.0
RXN7704MetaCyc,0.0
r0116YCM606R00548,0.0
R04753KEGGR04753,0.0
RXN13748MetaCyc,0.0
R07238KEGGR07238,0.0
r948iLC915R01209,0.0
r1092YCM606R01896,0.0
R00574KEGGR00574,0.0
r0962YCM606R00200,0.0
RXN10973MetaCyc,0.0
ry4YCM606,0.0
r1069AORYZAER03409,0.0
R10063KEGGR10063,0.0
R07051KEGGR07051,0.0
R01821KEGGR01821,0.04853375368510271
r807AORYZAE,0.0
R02962KEGGR02962,0.0
r796iLC915R06601,0.0
R08243KEGGR08243,0.0
r290ANIDULANSR01440,0.0
r1111AORYZAER00662,0.0
r815AORYZAER00922,0.0
R02894KEGGR02894,0.0
R346ANIGERR01398,0.0
r0338YCM606,0.0
R09222KEGGR09222,0.0
r0929YCM606,0.0
R04801KEGGR04801,0.0
R03493KEGGR03493,0.0
R04682KEGGR04682,0.0
R08954KEGGR08954,0.0
R01308KEGGR01308,0.0
r0799YCM606R02093,0.0
RXN66101MetaCyc,0.0
R08179KEGGR08179,0.0
r958AORYZAE,0.0
R02310KEGGR02310,0.0
R00856KEGGR00856,0.0
R09917KEGGR09917,0.0
r260iLC915R00940,2.3196995755370153e-06
R204ANIGERR02732,0.0
R09419KEGGR09419,-2.8808289087578487e-11
R09390KEGGR09390,0.0
r0202YCM606R01073,0.0
r158iLC915R03098,0.0
R08848KEGGR08848,0.0
r0264YCM606R06517,0.0
R00210KEGGR00210,13.905097155261945
R05133KEGGR05133,0.0
r1734YCM606R02099,0.0
r0319YCM606R02715,0.0
r0280YCM606R01900,0.0
R07018KEGGR07018,0.0
r0662iAL1006R01701,0.0
R03916KEGGR03916,0.0
r549iLC915R00867,0.0
r0662YCM606R00479,0.0
R08614KEGGR08614,0.0
ry45YCM606,2.8808289087578383e-12
R04823KEGGR04823,0.0
RXN12750MetaCyc,0.0
R06409KEGGR06409,0.0
r788AORYZAE,0.0
R03710KEGGR03710,0.0
R08721KEGGR08721,0.0
R07938KEGGR07938,0.0
R212ANIGERR00028,2.9514662463148973
R00876KEGGR00876,0.0
r113ANIDULANS,0.0
R01492KEGGR01492,0.0
r243iLC915R00366,0.0
ry136YCM606,0.0
R01192KEGGR01192,0.0
ry1086YCM606,0.0
r1064AORYZAER00426,0.0
R09382KEGGR09382,0.0
R05661KEGGR05661,0.0
R00128KEGGR00128,0.0
RXN6614MetaCyc,0.0
R00895KEGGR00895,1.4652021864866784
R31ANIGERR01827,1.388974801941381
RXN2141MetaCyc,0.0
r0679YCM606R00485,1.7640865519428715
R51ANIGERR00216,0.0
r333iLC915R02569,0.0
R08086KEGGR08086,0.0
R07140KEGGR07140,0.0
r0781YCM606R01268,0.9999976803004222
r588iLC915R01926,0.0
R07996KEGGR07996,0.0
RXN8142MetaCyc,0.0
ry746YCM606,0.0
R04686KEGGR04686,0.0
R04889KEGGR04889,0.0
ry682YCM606,0.0
R01408KEGGR01408,-1.0
RXN66342MetaCyc,0.0
R03140KEGGR03140,0.0
R07766KEGGR07766,0.0
RXN12787MetaCyc,0.0
r0946YCM606R02557,0.0
R04573KEGGR04573,0.0
R01917KEGGR01917,0.0
ry7YCM606,0.0
r617AORYZAE,0.6179454779251812
R01668KEGGR01668,0.0
R08221KEGGR08221,0.0
r381AORYZAE,1.0
R00926KEGGR00926,0.0
R05237KEGGR05237,0.0
r0790YCM606R00155,0.0
R00321KEGGR00321,0.0
ry148YCM606,0.0
r969AORYZAE,0.0
R08354KEGGR08354,0.0
r0697YCM606R02530,0.0
RXN12086MetaCyc,0.0
R09030KEGGR09030,0.0
R05138KEGGR05138,0.0
R393ANIGERR01167,0.0
r0166YCM606,0.5529938894728745
RXN9005MetaCyc,0.0
R07379KEGGR07379,0.0
r1065AORYZAER01855,0.0
R04390KEGGR04390,0.0
r1224AORYZAER04566,0.0
ry134YCM606,0.0
r0670YCM606R00987,0.0
r0696YCM606R01446,0.0
R00851KEGGR00851,0.0
R300ANIGERR01961,0.9999976803004125
r0329YCM606R02485,0.0
r856iLC915R00471,0.0
r516iLC915R07386,0.0
r0145YCM606R00178,0.0
RXN06984MetaCyc,1.0
R04929KEGGR04929,0.0
R01390KEGGR01390,0.0
r648iLC915R07771,0.0
r0724YCM606R01655,33.839441527015545
r0501YCM606R01221,86.27141663576208
r2065YCM606R02133,0.0
r701ANIDULANS,0.0
RXN12060MetaCyc,0.0
R05132KEGGR05132,0.0
ry881YCM606,0.0
R08270KEGGR08270,0.0
r1075YCM606R00774,0.0
r0458YCM606R01092,1.0
R09405KEGGR09405,0.0
r570ANIDULANS,0.0
R06835KEGGR06835,0.0
R03064KEGGR03064,0.0
RXN1223MetaCyc,0.0
R09274KEGGR09274,0.0
R07664KEGGR07664,0.0
R00372KEGGR00372,-32.43963109747543
R08765KEGGR08765,0.0
r0287YCM606R08747,0.0
R07413KEGGR07413,0.0
RXN14121MetaCyc,0.0
R03713KEGGR03713,0.0
R01007KEGGR01007,0.0
r0153YCM606R01135,0.0
R02216KEGGR02216,0.0
r0887YCM606R01843,6.120165166828279
R02361KEGGR02361,0.0
r1572AORYZAE,0.0
R10117KEGGR10117,-4.8013815145964145e-12
R03104KEGGR03104,0.0
r366iLC915R06517,0.0
R01067KEGGR01067,2.0
R02534KEGGR02534,0.0
R09543KEGGR09543,-4.8013815145964145e-12
ACETOLACTREDUCTOISOMRXNMetaCyc,0.0
RXN9285MetaCyc,0.0
ry154YCM606,1.008290118065247e-11
R04217KEGGR04217,0.0
R07680KEGGR07680,0.0
r0142YCM606R00185,0.0
r751iLC915R01470,0.0
R03009KEGGR03009,0.0
RXN12125MetaCyc,0.0
r104iLC915R07364,0.0
R04273KEGGR04273,0.0
RXN10447MetaCyc,0.0
R02280KEGGR02280,0.0
ry966YCM606,1.0
R04496KEGGR04496,0.0
r240iLC915R06154,-44.71481323257171
RXN9217MetaCyc,0.0
ADOMETDMKMETHYLTRANSFERRXNMetaCyc,0.0
R305RXNMetaCyc,0.0
R07043KEGGR07043,0.0
R08230KEGGR08230,0.0
R01140KEGGR01140,0.0
r1257AORYZAE,0.0
r0985YCM606R04711,0.0
R09249KEGGR09249,0.0
R07522KEGGR07522,0.0
R03531KEGGR03531,0.0
r170iLC915R00014,0.0
RXN9736MetaCyc,0.0
R05366KEGGR05366,0.0
R02401KEGGR02401,0.0
R547RXNMetaCyc,0.0
r0764YCM606R00103,0.0
R00373KEGGR00373,0.0
r0037YCM606,0.0
r0468YCM606R00239,0.0
ry1038YCM606,0.0
R03222KEGGR03222,0.0
N34644617468RXNMetaCyc,0.0
R01346KEGGR01346,0.0
R02502KEGGR02502,0.0
R07015KEGGR07015,0.0
RXN12362MetaCyc,0.0
r0803iAL1006,0.0
R00647KEGGR00647,0.0
R04445KEGGR04445,0.0
RXN12754MetaCyc,0.0
R05295KEGGR05295,0.0
ry390YCM606,0.0
R04675KEGGR04675,0.0
r2030YCM606R07280,0.0
r0885YCM606R02038,0.0
r67iLC915R00268,0.0
R09392KEGGR09392,0.0
R05846KEGGR05846,0.0
r279AORYZAE,0.0
RXN66355MetaCyc,0.0
R02609KEGGR02609,0.0
r0106iAL1006R00717,96.81924253176382
r462iLC915R05196,0.9514662463148973
R639ANIGERR07763,0.0
r0188YCM606R04620,0.0
RXN9242MetaCyc,0.0
R05615KEGGR05615,0.0
R03438KEGGR03438,0.0
r0509iAL1006R08772,0.0
r1615YCM606R01664,0.0
r1795AORYZAE,0.0
R06336KEGGR06336,0.0
R07436KEGGR07436,0.0
RXN12747MetaCyc,0.0
r0207YCM606R01086,0.0
R06538KEGGR06538,0.0
R02443KEGGR02443,0.0
R03980KEGGR03980,0.0
R09388KEGGR09388,0.0
r0272YCM606R02335,0.0
PRDABSTRXNMetaCyc,0.0
ACETONECYANHYDRINLYASERXNMetaCyc,0.0
R07370KEGGR07370,0.0
R197ANIGERR00867,2.0
R03054KEGGR03054,0.0
r1760AORYZAE,0.0
R00699KEGGR00699,0.0
R06930KEGGR06930,0.0
ry18YCM606,0.0
ry27YCM606,0.0
R03355KEGGR03355,0.0
r0075YCM606R01402,0.0
r83iLC915R05071,0.0
r0718YCM606R00214,0.0
RXNQT4366MetaCyc,0.0
ry38YCM606,0.0
R06579KEGGR06579,0.0
r0724iAL1006R00698,0.0
R04946KEGGR04946,0.0
r0309YCM606R01290,0.0
R07011KEGGR07011,0.0
R02923KEGGR02923,0.0
r806iLC915R00428,0.0
r0077YCM606R01126,0.0
R06933KEGGR06933,0.0
R07659KEGGR07659,0.0
RXN10946MetaCyc,0.0
ry1127YCM606,0.0
R03422KEGGR03422,0.0
RXN12610MetaCyc,0.0
R08818KEGGR08818,0.0
r0738YCM606,0.0
R05713KEGGR05713,0.0
R08755KEGGR08755,0.0
R08677KEGGR08677,0.0
R04998KEGGR04998,0.0
R07521KEGGR07521,0.0
ry119YCM606,0.0
R07385KEGGR07385,0.0
ry30YCM606,0.0
R03415KEGGR03415,0.0
ACETOOHBUTREDUCTOISOMRXNMetaCyc,0.0
R09639KEGGR09639,0.0
R02685KEGGR02685,0.0
R04695KEGGR04695,0.0
r0513iAL1006R08781,0.0
ry2YCM606,0.0
R07296KEGGR07296,0.0
R04353KEGGR04353,0.0
RXN10948MetaCyc,0.0
R07337KEGGR07337,0.0
r0079YCM606R04463,0.0
R06342KEGGR06342,0.0
RXN14195MetaCyc,0.0
R05738KEGGR05738,0.0
R02207KEGGR02207,0.0
R07054KEGGR07054,0.0
r0360YCM606R01018,0.0
R01328KEGGR01328,0.0
r628ANIDULANS,0.0
R07278KEGGR07278,0.0
RXN11346MetaCyc,0.0
R00107KEGGR00107,0.0
R01992KEGGR01992,0.0
r421AORYZAE,0.9999976803004125
R07502KEGGR07502,0.0
r1063AORYZAER00720,0.0
R01026KEGGR01026,0.0
RXN2542MetaCyc,0.0
R06540KEGGR06540,0.0
R03184KEGGR03184,0.0
RXN11330MetaCyc,0.0
R07869KEGGR07869,0.0
R71ANIGERR01735,0.0
R03971KEGGR03971,0.0
r179iLC915R07603,0.0
r0805YCM606R00159,0.0
r1211AORYZAER04535,0.0
R250ANIGERR00988,0.0
R05603KEGGR05603,0.0
R03219KEGGR03219,0.0
r0091YCM606R02035,0.0
R06386KEGGR06386,0.0
r814AORYZAER02047,0.0
R00022KEGGR00022,0.0
R02356KEGGR02356,0.0
r0663YCM606R02199,0.5529938894728745
R628ANIGERR04726,0.0
RXN13458MetaCyc,0.0
R02912KEGGR02912,0.0
R04038KEGGR04038,0.0
r0477YCM606R00768,0.0
R03899KEGGR03899,0.0
RXN11060MetaCyc,0.0
R03077KEGGR03077,0.0
R02921KEGGR02921,0.0
R10177KEGGR10177,0.0
r0472YCM606R00093,2.755503663468817
R06862KEGGR06862,0.0
R02684KEGGR02684,0.0
R596ANIGERR01270,0.9999976803004222
R03867KEGGR03867,0.0
r0300YCM606R00351,0.0
RXN9286MetaCyc,0.0
R09771KEGGR09771,0.0
R01381KEGGR01381,0.0
r1716AORYZAE,0.0
R08095KEGGR08095,0.0
R00940KEGGR00940,0.0
R04746KEGGR04746,0.0
r0502YCM606R00945,-7.717161876170032
R00661KEGGR00661,0.0
ry1114YCM606,0.0
R03125KEGGR03125,0.0
r524ANIDULANS,0.0
R10053KEGGR10053,0.0
R05416KEGGR05416,0.0
R00457KEGGR00457,0.0
ry132YCM606,0.0
R09286KEGGR09286,0.0
r527AORYZAER00794,0.0
R01108KEGGR01108,0.0
R03527KEGGR03527,0.0
RXN9228MetaCyc,0.0
R703ANIGERR08159,0.0
R05736KEGGR05736,0.0
r0190YCM606R02424,1.0
R08698KEGGR08698,0.0
R07442KEGGR07442,0.0
ry1121YCM606,0.0
RXN14162MetaCyc,0.0
R08226KEGGR08226,0.0
R01161KEGGR01161,0.0
R06727KEGGR06727,0.0
R05294KEGGR05294,0.0
R02941KEGGR02941,0.0
R09427KEGGR09427,0.0
R01279KEGGR01279,-1.008290118065247e-11
r954iLC915R00748,1.0
RXN9172MetaCyc,0.0
r0332YCM606R02750,0.0
R01273KEGGR01273,0.0
r1243AORYZAE,0.0
R05511KEGGR05511,0.0
r1696AORYZAE,0.0
r0722YCM606R00885,1.8740852968078083
R02065KEGGR02065,0.0
RXN12746MetaCyc,0.0
r0281YCM606R02061,0.0
R01631KEGGR01631,0.0
R05050KEGGR05050,0.0
R06570KEGGR06570,0.0
RXN06981MetaCyc,1.0
R05569KEGGR05569,0.0
DHHBMETHYLTRANSFERRXNMetaCyc,0.0
R04749KEGGR04749,0.0
r0022iAL1006R01699,0.0
r1063YCM606R00734,63.90864081812026
R03492KEGGR03492,0.0
RXN10985MetaCyc,0.0
ry1126YCM606,0.0
ALDOSE6PHOSPHATEREDUCTASENADPHRXNMetaCyc,0.0
ALDOSE1EPIMRXNMetaCyc,0.0
R06337KEGGR06337,0.0
R05188KEGGR05188,1.4404144543789243e-11
R07679KEGGR07679,0.0
r0208YCM606R01954,0.0
r0462YCM606R02003,0.0
R04730KEGGR04730,0.0
r0821YCM606R00965,0.0
ry26YCM606,0.0
R03224KEGGR03224,0.0
R04311KEGGR04311,0.0
r0282YCM606R07475,0.0
R05453KEGGR05453,0.0
RXN10616MetaCyc,0.0
MANDELATE4MONOOXYGENASERXNMetaCyc,0.0
r0935YCM606R00036,0.0
r0570YCM606R01127,0.0
R02160KEGGR02160,0.0
R02701KEGGR02701,0.0
CDPDIGLYSYNRXNMetaCyc,0.0
r0965YCM606R00549,2.319699587971513e-06
R02972KEGGR02972,0.0
R03154KEGGR03154,0.0
r933ANIDULANS,0.0
ry238YCM606,0.0
r1070YCM606R00291,-1.0
R07059KEGGR07059,0.0
RXN9170MetaCyc,0.0
r159iLC915R04390,0.0
R76ANIGERR00925,0.0
r0815YCM606R03260,0.0
R03601KEGGR03601,0.0
R10179KEGGR10179,17.972706788775373
R03200KEGGR03200,0.0
R07069KEGGR07069,0.0
ry138YCM606,0.0
ry133YCM606,0.0
r0094YCM606R03210,4.8013815145964145e-12
RXN10974MetaCyc,0.0
RXN11410MetaCyc,0.0
R08255KEGGR08255,0.0
R07048KEGGR07048,0.0
r391AORYZAE,0.0
r678ANIDULANSR02665,0.0
R03089KEGGR03089,0.0
R00857KEGGR00857,0.0
R07997KEGGR07997,0.0
r1032AORYZAE,0.0
R00864KEGGR00864,0.0
R01093KEGGR01093,0.0
r1008YCM606R02244,0.0
r0060YCM606R04001,0.0
CARNRACERXNMetaCyc,2.0
ry124YCM606,0.0
R04101KEGGR04101,0.0
RXN6182MetaCyc,0.0
r403iLC915R02570,0.0
R09385KEGGR09385,0.0
r0179YCM606R05685,0.0
R03288KEGGR03288,0.0
R04881KEGGR04881,0.0
R05725KEGGR05725,0.0
R935ANIGER,0.0
ry37YCM606,0.0
ry875YCM606,0.0
ry44YCM606,0.0
r0034YCM606,0.0
R04145KEGGR04145,0.0
RXN9361MetaCyc,0.0
R03124KEGGR03124,0.0
R07135KEGGR07135,0.0
r0211YCM606R00578,0.0
R04783KEGGR04783,0.0
R01081KEGGR01081,0.0
r251ANIDULANSR01514,8.287089572632258
r0475YCM606R00256,0.0
r0174YCM606R00710,0.0
r1079YCM606R02098,0.0
R09845KEGGR09845,0.0
RXN9674MetaCyc,0.0
R3ANIGERR01602,0.0
R10121KEGGR10121,-4.8013815145964145e-12
CARNOSINESYNTHASERXNMetaCyc,0.0
ry404YCM606,0.0
RXN9282MetaCyc,0.0
R05651KEGGR05651,0.0
r666AORYZAE,0.0
R09561KEGGR09561,0.0
r0663iAL1006R04225,0.0
R04813KEGGR04813,0.0
ry410YCM606,0.0
RXN12402MetaCyc,0.0
R03857KEGGR03857,0.0
R04378KEGGR04378,0.0
R08182KEGGR08182,0.0
R05452KEGGR05452,0.0
r160iLC915R04863,0.0
r0798YCM606R01857,0.0
R03003KEGGR03003,0.0
r262iLC915R00941,0.0
r1082iLC915R04138,0.0
r80iLC915R04440,0.0
r627ANIDULANS,0.0
R09879KEGGR09879,0.0
R01923KEGGR01923,0.0
R02971KEGGR02971,0.0
R08723KEGGR08723,0.0
ry326YCM606,0.0
R08827KEGGR08827,0.0
R07894KEGGR07894,0.0
R702ANIGERR04014,0.0
RXN8344MetaCyc,0.0
R08410KEGGR08410,0.0
r420ANIDULANSR03115,-2.63239509198849
R10124KEGGR10124,-4.8013815145964145e-12
R00708KEGGR00708,0.6179454779251812
r82iLC915R05068,0.0
R04550KEGGR04550,0.0
RXN12058MetaCyc,0.0
R04221KEGGR04221,0.0
r0813YCM606R01287,0.0
r0437YCM606R00017,0.0
r0334YCM606R00130,0.015312336977627794
R04724KEGGR04724,0.0
RXN11288MetaCyc,0.0
R09772KEGGR09772,0.0
r0760YCM606R02058,0.0
R04040KEGGR04040,0.0
R05287KEGGR05287,0.0
RXN11066MetaCyc,0.0
R07856KEGGR07856,0.0
r718iLC915,0.0
r0370YCM606R00308,0.0
R08091KEGGR08091,0.0
r0225YCM606R01071,0.0
r0978YCM606R02019,0.0055672790101977225
R00094KEGGR00094,-1.0
R04914KEGGR04914,0.0
r1012YCM606R06223,0.0
r1225AORYZAER04568,0.0
R06531KEGGR06531,0.0
R08279KEGGR08279,0.0
R08092KEGGR08092,0.0
R04483KEGGR04483,0.0
RXN1G121MetaCyc,0.0
R00515KEGGR00515,0.0
r0669iAL1006R02661,0.0
R02566KEGGR02566,2.0
r1613YCM606R00183,0.8679998146730346
ISOCITRATEDEHYDROGENASENADRXNMetaCyc,0.0
R04849KEGGR04849,0.0
R633ANIGERR04968,0.0
RXN12782MetaCyc,0.0
R07936KEGGR07936,0.0
R763ANIGER,0.0
R03922KEGGR03922,0.0
R00270KEGGR00270,0.0
R02322KEGGR02322,0.0
R05564KEGGR05564,0.0
R03755KEGGR03755,0.0
R03494KEGGR03494,0.0
R03914KEGGR03914,0.0
R00822KEGGR00822,0.0
R03208KEGGR03208,0.0
R02274KEGGR02274,0.0
r242iLC915R03139,0.0
r0562YCM606R01132,0.0
R01173KEGGR01173,0.0
R04751KEGGR04751,0.0
R08657KEGGR08657,2.0000000000201656
R00343KEGGR00343,0.0
R10022KEGGR10022,0.0
RXN9230MetaCyc,0.0
R02156KEGGR02156,0.0
r759AORYZAE,0.0
R453ANIGERR01248,0.0
R04394KEGGR04394,0.0
r0352YCM606R04441,0.0
R04206KEGGR04206,0.0
RXN7650MetaCyc,0.0
R08307KEGGR08307,0.0
R06578KEGGR06578,0.0
RXN04401MetaCyc,0.0
r0774YCM606R01724,0.0
RXN9240MetaCyc,0.0
RXN7645MetaCyc,0.0
N346246146120RXNMetaCyc,0.0
R02096KEGGR02096,0.0
r0792YCM606R00514,0.08837823458730476
r273iLC915R03821,0.0
R00644KEGGR00644,0.0
R01814KEGGR01814,0.0
R03120KEGGR03120,0.0
R01921KEGGR01921,-2.0
r551iLC915R02865,0.0
RXN06976MetaCyc,1.0
ry137YCM606,0.0
R03388KEGGR03388,0.0
RXN5482MetaCyc,0.0
RXN9205MetaCyc,0.0
R64ANIGER,0.0
R06985KEGGR06985,0.0
r0078YCM606R00963,0.0
R700ANIGERR08157,0.0
R09510KEGGR09510,0.0
r0083YCM606R09087,0.0
R03186KEGGR03186,0.0
R582ANIGERR00481,0.0
r852iLC915R02466,0.0
R10046KEGGR10046,0.0
ry316YCM606,0.0
R04576KEGGR04576,0.0
ry722YCM606,0.0
R10ANIGERR03321,0.0
RXN9284MetaCyc,0.0
r36iLC915R02531,0.0
r0368YCM606R01468,0.0
R04072KEGGR04072,0.0
R05137KEGGR05137,0.0
r0015YCM606R09376,0.0
R09418KEGGR09418,0.0
r47iLC915R05066,0.0
R04859KEGGR04859,-1.019485476535692
r0454YCM606R00408,0.0
R07002KEGGR07002,0.0
R10097KEGGR10097,0.0
RXN12710MetaCyc,0.0
R07012KEGGR07012,0.0
R03838KEGGR03838,0.0
R07133KEGGR07133,0.0
R695ANIGER,0.0
r0150YCM606,-0.9563780492300904
r0308YCM606R01286,0.0
R05677KEGGR05677,0.0
ry1006YCM606,0.0
r0987YCM606R00527,0.0
ry72YCM606,0.0
R06787KEGGR06787,0.0
ry23YCM606,0.0
R10178KEGGR10178,0.0
RXN6762MetaCyc,0.0
R05370KEGGR05370,0.0
R08356KEGGR08356,0.0
R07952KEGGR07952,0.0
R00706KEGGR00706,2.651834217989058
r0302YCM606R01325,0.0
R04771KEGGR04771,0.0
RXN66168MetaCyc,0.0
R02940KEGGR02940,0.0
r1227AORYZAER04967,0.0
R08022KEGGR08022,0.0
R02382KEGGR02382,47.89036088058094
R02688KEGGR02688,0.0
RXN9913MetaCyc,0.0
R04880KEGGR04880,0.0
R07607KEGGR07607,0.0
r0534YCM606R00299,0.0
R01837KEGGR01837,0.0
r0789YCM606R00328,0.0
R06381KEGGR06381,0.0
R07895KEGGR07895,0.0
r0084YCM606R02301,0.0
R09908KEGGR09908,0.0
r0669YCM606,0.0
r25iLC915R03357,0.0
r1194AORYZAE,0.0
R10115KEGGR10115,-4.8013815145964145e-12
r0841YCM606R03035,0.015312336977627794
R01404KEGGR01404,0.0
RXN12626MetaCyc,0.0
R08555KEGGR08555,0.0
r0222YCM606R00126,0.0
R08743KEGGR08743,0.0
r0107YCM606R04742,0.0
R412ANIGERR01936,0.0
R08300KEGGR08300,0.0
R457ANIGER,0.0
R03037KEGGR03037,0.0
r0361YCM606R01009,0.0
R06962KEGGR06962,0.0
R04190KEGGR04190,0.0
R02499KEGGR02499,0.0
R05783KEGGR05783,0.0
r0255YCM606R00009,0.0
r0524YCM606R00424,0.0
R03491KEGGR03491,0.0
r0273YCM606R01021,0.0
R03333KEGGR03333,0.0
R383ANIGERR01049,0.1122734600389874
R09423KEGGR09423,0.0
ry879YCM606,0.0
R456ANIGERR00489,0.0
R07094KEGGR07094,0.0
r798iLC915R02425,-8.65329897499282
ry206YCM606,0.0
r0446YCM606R00943,-33.839441527015545
r0675YCM606R06171,0.0
ry1119YCM606,0.0
R08836KEGGR08836,0.0
ry944YCM606,0.0
R05369KEGGR05369,0.0
r1867AORYZAER01613,0.0
R932ANIGER,0.0
r913iLC915R02340,0.0
R03107KEGGR03107,0.0
R08503KEGGR08503,0.0
r0565YCM606R01130,0.0
R10198KEGGR10198,0.0
RXN14033MetaCyc,0.0
r1021YCM606R02164,0.0
RXN9222MetaCyc,0.0
R08002KEGGR08002,0.0
R07009KEGGR07009,0.0
R273ANIGERR01085,0.0
QUINOLINATESYNTHEMULTIRXNMetaCyc,0.0
R09622KEGGR09622,0.0
RXN14198MetaCyc,0.0
R07935KEGGR07935,0.0
R10120KEGGR10120,-4.8013815145964145e-12
MCRESOLMETHYLCATECHOLRXNMetaCyc,0.0
r0162YCM606,0.0
ry1115YCM606,0.0
r0698YCM606R03199,0.0
r171iLC915R03270,0.0
ry1170YCM606,0.0
RXN12752MetaCyc,0.0
ry8YCM606,0.0
R07046KEGGR07046,0.0
R05755KEGGR05755,0.0
R02973KEGGR02973,0.0
r0795YCM606R00570,0.0
r0061YCM606R04426,0.0
R00203KEGGR00203,0.0
R08835KEGGR08835,0.0
r0068YCM606R01648,0.0
ry102YCM606,0.0
R02371KEGGR02371,0.0
R04365KEGGR04365,0.0
R02068KEGGR02068,0.0
R08385KEGGR08385,0.0
R03381KEGGR03381,0.0
ry131YCM606,0.0
R04958KEGGR04958,0.0
r1078YCM606R00968,0.0
r1776AORYZAER03458,0.0
R05099KEGGR05099,0.0
R03001KEGGR03001,0.0
r0734YCM606R00409,0.0
R06925KEGGR06925,0.0
r0040YCM606R03083,15.01827993753932
r0310YCM606R01001,0.0
r0467YCM606R00771,2.0
R04368KEGGR04368,0.0
R09420KEGGR09420,0.0
R08637KEGGR08637,0.0
ry95YCM606,0.0
ry882YCM606,0.0
R07168KEGGR07168,0.0
R09170KEGGR09170,0.0
R03126KEGGR03126,0.0
ASPAROXORXNMetaCyc,0.0
R06919KEGGR06919,0.0
r921AORYZAER02519,0.0
RXN11968MetaCyc,0.0
RXN14047MetaCyc,1.0
R05098KEGGR05098,0.0
r0713YCM606R00342,0.0
r0800YCM606R00330,0.9177072475777179
r769iLC915R05980,0.0
R09783KEGGR09783,0.0
R04163KEGGR04163,0.0
R02872KEGGR02872,0.0
R07091KEGGR07091,0.0
R03695KEGGR03695,0.0
R03869KEGGR03869,0.0
R06063KEGGR06063,0.0
RXN14164MetaCyc,0.0
R01965KEGGR01965,0.0
R03824KEGGR03824,0.0
R08568KEGGR08568,0.0
r0737iAL1006R02571,0.0
r519iLC915R05052,0.0
RXN05183MetaCyc,0.0
r677iLC915R02115,0.0
R449ANIGERR00245,-1.627224276275511
R08357KEGGR08357,0.0
r0201YCM606R02549,0.0
R03454KEGGR03454,0.0
r780AORYZAE,0.0
R07945KEGGR07945,0.0
R00129KEGGR00129,0.0
R07081KEGGR07081,0.0
RXN10609MetaCyc,0.0
r0066YCM606R01716,0.0
R01451KEGGR01451,0.0
RXN12042MetaCyc,0.0
R02144KEGGR02144,0.0
R07329KEGGR07329,0.0
r1089iLC915R00078,0.0
R01068KEGGR01068,0.0
r0572YCM606,0.0
r675iLC915R02115,0.0
R00490KEGGR00490,3.073975924637112
R04336KEGGR04336,0.0
RXN9226MetaCyc,0.0
R544RXNMetaCyc,0.0
RXN9894MetaCyc,0.0
R09909KEGGR09909,0.0
RXN12256MetaCyc,0.0
RXN07020MetaCyc,0.0
R04025KEGGR04025,0.0
R10035KEGGR10035,0.0
r0768YCM606R00257,0.0
R02095KEGGR02095,0.0
RXN2001MetaCyc,0.0
R07044KEGGR07044,0.0
r1027iAL1006,0.0
r639AORYZAER01255,0.0
ry123YCM606,0.0
R10058KEGGR10058,0.0
R02788KEGGR02788,0.0
RXN11881MetaCyc,0.0
r0943YCM606R02294,0.0
R02702KEGGR02702,0.0
R03421KEGGR03421,0.0
r0976YCM606R02024,0.0055672790101977225
r196iLC915R04725,0.0
RXN05473MetaCyc,-8.65329897499282
TOLUENESIDECHAINMONOOXYGENASERXNMetaCyc,0.0
R986ANIGERR02239,0.0
r0736YCM606,0.0
r0535YCM606R01326,2.0
R09885KEGGR09885,0.0
GLUCURONOLACTONEREDUCTASERXNMetaCyc,0.0
r2126YCM606R01845,0.0
R04681KEGGR04681,0.0
R03274KEGGR03274,0.0
R02050KEGGR02050,0.0
R03534KEGGR03534,0.0
ry1102YCM606,0.0
R00732KEGGR00732,0.0
R08312KEGGR08312,0.0
R06890KEGGR06890,0.0
r0154YCM606R00509,0.0
R306RXNMetaCyc,0.0
r0057YCM606R04739,0.0
r96iLC915R08362,0.0
r0567YCM606R01974,0.0
r1729YCM606R01547,0.0
ry152YCM606,0.0
R02855KEGGR02855,0.0
R638ANIGERR07762,0.0
r0106YCM606R03778,0.0
r322iLC915R03050,81.11904712005109
R06539KEGGR06539,0.0
r0029YCM606R01652,0.0
R05341KEGGR05341,0.0
DEOXYGUANPHOSPHORRXNMetaCyc,0.0
R29ANIGERR01641,7.50913996876966
R09511KEGGR09511,0.0
R09597KEGGR09597,0.0
R06536KEGGR06536,0.0
r0027YCM606R03444,0.0
r578ANIDULANS,0.0
R10116KEGGR10116,-4.8013815145964145e-12
ry16YCM606,0.0
R01343KEGGR01343,0.0
RXN10618MetaCyc,0.0
R08233KEGGR08233,0.0
R03639KEGGR03639,0.0
R02799KEGGR02799,0.0
ry141YCM606,0.0
R00970KEGGR00970,0.0
r0085YCM606R04405,0.0
R02327KEGGR02327,0.0
R04580KEGGR04580,0.0
r668iLC915R03105,1.4652021864866784
ry1330YCM606,0.0
r0842YCM606R03018,0.015312336977627794
R598ANIGER,0.0
ry153YCM606,0.0
R05112KEGGR05112,0.0
R363ANIGERR00707,0.0
R452ANIGER,0.0
R02957KEGGR02957,0.0
RXN1G2MetaCyc,0.0
R04314KEGGR04314,0.0
R08724KEGGR08724,0.0
R277ANIGERR01627,15.01827993753932
R00962KEGGR00962,0.0
r0654iAL1006R05069,0.0
R09730KEGGR09730,0.0
R08350KEGGR08350,0.0
R04382KEGGR04382,0.0
r943AORYZAER01956,0.0
R03636KEGGR03636,0.0
r0457YCM606,2.9999976803004125
r0351YCM606R03067,0.0
R06590KEGGR06590,0.0
r77iLC915R00994,0.0
r0558YCM606R02082,0.0
ry230YCM606,1.008290118065247e-11
r0499YCM606R04325,0.0
R09450KEGGR09450,-2.8808289087578487e-11
r0508iAL1006R08771,0.0
R05032KEGGR05032,0.0
R04770KEGGR04770,0.0
R05590KEGGR05590,0.0
ry61YCM606,7.202072271894622e-12
R03953KEGGR03953,0.0
r0555YCM606R05616,0.0
R400ANIGER,0.0
r0176YCM606R02678,0.0
R00474KEGGR00474,0.0
ry117YCM606,0.0
R06568KEGGR06568,0.0
RXN9362MetaCyc,0.0
R08325KEGGR08325,0.0
r0999YCM606R02864,0.0
COBALAMIN5PSYNRXNMetaCyc,0.0
R08082KEGGR08082,0.0
ry94YCM606,0.0
R09768KEGGR09768,0.0
ry28YCM606,0.0
r434ANIDULANS,0.0
R00451KEGGR00451,0.0
ry10YCM606,0.0
R07429KEGGR07429,0.0
R06932KEGGR06932,0.0
R03008KEGGR03008,0.0
R01023KEGGR01023,0.0
RXN14179MetaCyc,0.0
R05353KEGGR05353,0.0
R07092KEGGR07092,0.0
R02358KEGGR02358,0.0
R05733KEGGR05733,0.0
r0023YCM606R03968,0.0
r0291iAL1006,0.0
R09407KEGGR09407,0.0
R01919KEGGR01919,0.0
R08244KEGGR08244,0.0
r0195YCM606R00836,0.0
R00700KEGGR00700,0.0
R02173KEGGR02173,0.0
r894ANIDULANS,0.0
R89ANIGERR00475,0.0
R04951KEGGR04951,0.0
R03978KEGGR03978,0.0
R05127KEGGR05127,0.0
R00559KEGGR00559,0.0
R02478KEGGR02478,0.0
RXN9283MetaCyc,0.0
RXN13045MetaCyc,0.0
ry358YCM606,0.0
r520iLC915R02619,0.0
R07899KEGGR07899,0.0
R09409KEGGR09409,0.0
r0566YCM606R03508,0.0
R01520KEGGR01520,0.0
R09881KEGGR09881,0.0
r1092AORYZAE,0.0
RXN7908MetaCyc,0.0
N6463462467RXNMetaCyc,0.0
RXN10012MetaCyc,0.0
R05484KEGGR05484,0.0
R623ANIGERR04963,0.0
R08953KEGGR08953,0.0
R84ANIGERR00713,17.972706788775373
r0481YCM606R00115,0.0
r0988YCM606R00715,0.0
R03166KEGGR03166,0.0
R03327KEGGR03327,0.0
RXN05124MetaCyc,0.0
r676iLC915R02115,0.0
r0306YCM606R00573,0.0
r0782YCM606R01269,0.0
R926ANIGER,0.0
RXN66354MetaCyc,0.0
ry74YCM606,0.0
r0954YCM606R00277,0.0
r1026iAL1006,0.0
R02744KEGGR02744,0.0
RXN3O54MetaCyc,0.0
RXN12257MetaCyc,0.0
r0095YCM606,0.0
R183ANIGERR00959,-0.9942527833356749
R07863KEGGR07863,0.0
R245ANIGER,0.0
R75ANIGER,0.0
R01942KEGGR01942,0.0
R05440KEGGR05440,0.0
RXN9190MetaCyc,0.0
RXN11244MetaCyc,0.0
r698iLC915R05064,0.0
r798AORYZAE,0.0
RXN12694MetaCyc,0.0
RXN9981MetaCyc,0.0
r0944YCM606R01561,0.0
R09372KEGGR09372,0.0
r0003YCM606R02946,0.0
R06119KEGGR06119,0.0
R06820KEGGR06820,0.0
R06923KEGGR06923,0.0
R01618KEGGR01618,0.0
R00320KEGGR00320,0.0
RXN12709MetaCyc,0.0
R08829KEGGR08829,0.0
RXN10010MetaCyc,0.0
R02240KEGGR02240,0.0
ry22YCM606,0.0
R05281KEGGR05281,0.0
RXN9157MetaCyc,0.0
R08020KEGGR08020,0.0
FATTYACIDSYNTHASERXNMetaCyc,0.0
RXN10617MetaCyc,0.0
R05551KEGGR05551,0.0
R07998KEGGR07998,0.0
R1011ANIGERR00796,0.0
R01294KEGGR01294,0.0
R10040KEGGR10040,0.0
RXN8005MetaCyc,0.0
R02735KEGGR02735,0.0
R00672KEGGR00672,0.0
r0185YCM606R02536,0.0
r0738iAL1006R01940,0.0
R00057KEGGR00057,0.0
R01410KEGGR01410,-1.0
R03628KEGGR03628,0.0
r0038YCM606R07281,0.0
r204AORYZAER03394,0.0
r0949YCM606R02147,1.0
R06466KEGGR06466,0.0
R292ANIGER,0.0
r1002YCM606R02869,0.0
RXN9277MetaCyc,0.0
R07244KEGGR07244,0.0
r0173YCM606R00711,4.5560094989367315
RXN9237MetaCyc,0.0
r1094YCM606R01639,0.0
R02334KEGGR02334,0.0
R07389KEGGR07389,0.0
r1071YCM606R00955,1.0
R02543KEGGR02543,0.0
R08262KEGGR08262,0.0
R178ANIGERR01095,0.0
r1620YCM606R02719,0.0
RXN11490MetaCyc,0.0
r135AORYZAE,0.0
R03681KEGGR03681,0.0
R05134KEGGR05134,0.0
R09910KEGGR09910,0.0
R10078KEGGR10078,0.0
R272ANIGERR03868,0.0
ry60YCM606,2.8808289087578383e-12
RXN9979MetaCyc,0.0
RXN7571MetaCyc,0.0
R03828KEGGR03828,0.0
R05731KEGGR05731,0.0
RXN05107MetaCyc,0.0
R08615KEGGR08615,0.0
r0849YCM606R08174,0.0
R07093KEGGR07093,0.0
R08825KEGGR08825,0.0
R00733KEGGR00733,-17.781670579605915
R08178KEGGR08178,0.0
RXN9280MetaCyc,0.0
R08200KEGGR08200,0.0
R07324KEGGR07324,0.0
R04494KEGGR04494,0.0
R06146KEGGR06146,0.0
R01687KEGGR01687,0.0
R03583KEGGR03583,0.0
r1088iLC915R05861,0.0
R04817KEGGR04817,0.0
r675ANIDULANS,0.0
r1035YCM606R00616,0.0
R08979KEGGR08979,0.0
r0699YCM606R01090,1.3124410422405812
r522ANIDULANSR00670,0.0
RXN06982MetaCyc,1.0
R05562KEGGR05562,0.0
ry1116YCM606,0.0
RXN10619MetaCyc,0.0
R10049KEGGR10049,0.0
R04439KEGGR04439,0.0
R00888KEGGR00888,0.0
MMUMRXNMetaCyc,0.0016237897065062875
R06924KEGGR06924,0.0
r0350YCM606R03066,0.0
r0533YCM606R00760,0.0
R00420KEGGR00420,0.0
R06521KEGGR06521,0.0
r1040YCM606R00751,2.5560094989367315
RXN9758MetaCyc,0.0
RXN04341MetaCyc,0.0
R07243KEGGR07243,0.0
RXN0384MetaCyc,0.008350918515296584
r923AORYZAER03181,0.0
r464iLC915R01497,0.0
R246ANIGERR05591,0.0
r79iLC915R03051,0.0
R00027KEGGR00027,0.0
R08511KEGGR08511,0.0
R04364KEGGR04364,0.0
R05038KEGGR05038,0.0
R550ANIGERR01080,0.751792144128685
R09477KEGGR09477,0.0
r1869AORYZAER02446,0.0
RXN9008MetaCyc,0.0
r0312YCM606R00897,1.019485476535692
r0148YCM606R00127,0.0
R08220KEGGR08220,0.0
r0851YCM606R00694,0.0
R02219KEGGR02219,0.0
r0304YCM606R03220,0.0
R03307KEGGR03307,0.0
R07939KEGGR07939,0.0
R00226KEGGR00226,0.0
r205AORYZAE,0.0
r0510iAL1006R08773,0.0
RXN12793MetaCyc,0.0
R632ANIGER,0.0
r0001YCM606R00197,0.0
R04120KEGGR04120,0.0
r1615AORYZAE,0.0
ry810YCM606,0.0
r0993YCM606R01281,0.0
r0526YCM606R01676,1.8877265399610126
R04467KEGGR04467,0.0
R854ANIGERR01175,0.0
R08208KEGGR08208,0.0
R06556KEGGR06556,0.0
R02150KEGGR02150,0.0
R08746KEGGR08746,0.0
R08236KEGGR08236,0.0
ry1194YCM606,0.0
R04993KEGGR04993,0.0
R03276KEGGR03276,0.0
r806AORYZAE,0.0
RXN9359MetaCyc,0.0
R07855KEGGR07855,0.0
R05596KEGGR05596,0.0
r171AORYZAER00286,0.0
RXN12780MetaCyc,0.0
R03522KEGGR03522,0.0
r0490YCM606R00848,0.0
r0910YCM606R04035,0.0
R07951KEGGR07951,0.0
ry101YCM606,0.0
R04065KEGGR04065,0.0
R00930KEGGR00930,0.0
RXN9171MetaCyc,0.0
R03300KEGGR03300,0.0
r691ANIDULANSR03096,0.0
R07251KEGGR07251,0.0
R00603KEGGR00603,0.0
R06829KEGGR06829,0.0
R02352KEGGR02352,0.0
R03218KEGGR03218,0.0
R10056KEGGR10056,0.0
RXN12398MetaCyc,0.0
R03106KEGGR03106,0.0
R602ANIGER,0.0
RXN9360MetaCyc,0.0
R02319KEGGR02319,0.0
R04304KEGGR04304,0.0
R03078KEGGR03078,0.0
r0033YCM606R00191,0.0
r763iLC915R00010,0.0
r0182YCM606,0.386207489125701
r0604iAL1006R01288,0.0
R07022KEGGR07022,0.0
R01505KEGGR01505,0.0
R07362KEGGR07362,0.0
r1075iLC915R04212,0.0
r860iLC915R04972,0.0
ry97YCM606,0.0
r0471YCM606R00248,0.0
r0140YCM606R01560,1.8696236043795404
r1003YCM606R02464,0.0
R01216KEGGR01216,44.71481323257651
r1662AORYZAE,0.0
r914iLC915R00674,0.0
r0169YCM606R02611,18.471062804828634
R07098KEGGR07098,0.0
R03045KEGGR03045,0.0
RXN8654MetaCyc,0.0
R01429KEGGR01429,0.0
r1618YCM606R02102,0.0
r528iLC915R00908,2.651834217989058
ry118YCM606,0.0
R01500KEGGR01500,0.0
r0473YCM606R03313,0.0
R07479KEGGR07479,0.0
r177iLC915R07601,0.0
R02807KEGGR02807,0.0
R05332KEGGR05332,0.0
R01200KEGGR01200,-2.3196995875823846e-06
RXN06977MetaCyc,0.0
R01316KEGGR01316,0.0
R06875KEGGR06875,0.0
R07265KEGGR07265,-0.0542809703494278
R04328KEGGR04328,0.0
R00275KEGGR00275,0.0
R10082KEGGR10082,0.0
RXN25MetaCyc,0.0
R03921KEGGR03921,0.0
DEOXYADENPHOSPHORRXNMetaCyc,0.0
r1031YCM606R00942,0.0
r0687YCM606R03293,0.0
r0309iAL1006R01469,0.0
R02249KEGGR02249,0.0
ry1120YCM606,0.0
R448ANIGERR02722,0.0
r1083YCM606R03165,0.0
R01654KEGGR01654,0.0
r0913YCM606R03509,0.0
R04162KEGGR04162,0.0
R07021KEGGR07021,0.0
r0284YCM606R05612,0.0
R09381KEGGR09381,-1.344386824086996e-11
ry140YCM606,0.0
RXN12108MetaCyc,0.0
R10199KEGGR10199,0.0
r1117iAL1006,9.602763029192835e-12
r0956YCM606R01711,0.0
R07500KEGGR07500,0.0
R10065KEGGR10065,0.0
R03295KEGGR03295,0.0
THYMPHOSPHRXNMetaCyc,0.0
R00827KEGGR00827,0.0
R04696KEGGR04696,0.0
r93ANIDULANSR00217,0.0
r70iLC915R01899,0.0
RXN8124MetaCyc,0.0
r705AORYZAE,0.0
R08056KEGGR08056,0.0
R01354KEGGR01354,0.0
RXN9150MetaCyc,0.0
R02687KEGGR02687,0.0
RXN10975MetaCyc,0.0
r613ANIDULANS,81.11904712005109
R08756KEGGR08756,0.0
r0193YCM606R00010,0.0
R88ANIGERR01333,0.5
R09220KEGGR09220,0.0
R04391KEGGR04391,0.0
R03036KEGGR03036,0.0
r0664iAL1006R01702,0.0
r59iLC915R01975,0.0
R07377KEGGR07377,0.0
r0762YCM606R01959,0.0
RXN06975MetaCyc,1.0
R00319KEGGR00319,0.0
r0707YCM606R03057,0.0
r1703YCM606R00512,0.0
R411ANIGERR04862,0.0
R06838KEGGR06838,0.0
R08326KEGGR08326,0.0
r0832YCM606,0.0
R04678KEGGR04678,0.0
R08261KEGGR08261,0.0
R06343KEGGR06343,0.0
R06447KEGGR06447,0.0
R08958KEGGR08958,0.0
RXN12350MetaCyc,0.0
R03236KEGGR03236,0.0
R03402KEGGR03402,0.0
R04117KEGGR04117,0.0
R02124KEGGR02124,0.0
R05313KEGGR05313,0.0
R03582KEGGR03582,0.0
RXN14201MetaCyc,0.0
r0214YCM606R01397,0.0
R05559KEGGR05559,0.0
r0882YCM606R08193,0.0
RXN8036MetaCyc,0.0
RXN10087MetaCyc,0.0
R517ANIGERR00469,-7.65329897499282
R07305KEGGR07305,0.0
r0338iAL1006,0.0
r0111YCM606R00227,9.497199909390158
RXN06563MetaCyc,0.0
R05334KEGGR05334,0.0
R00782KEGGR00782,3.5041731395580626
r0159YCM606,0.0
r523AORYZAER00533,0.0
ry11YCM606,0.0
R619ANIGERR04534,0.0
R07608KEGGR07608,0.0
R1016ANIGERR03093,0.0
R07034KEGGR07034,0.0
R03155KEGGR03155,0.0
R66ANIGER,0.0
r417iLC915R04159,0.0
R08632KEGGR08632,0.0
RXN12944MetaCyc,16.01827993753932
R597ANIGERR03346,0.0
RXN8627MetaCyc,0.0
R05238KEGGR05238,0.0
R03401KEGGR03401,0.0
R08733KEGGR08733,0.0
R02878KEGGR02878,0.0
r1619YCM606R01227,0.0
RXN13561MetaCyc,0.0
r1558AORYZAE,0.0
N146146146271RXNMetaCyc,0.0
R00193KEGGR00193,0.0
ry151YCM606,0.0
R04805KEGGR04805,0.0
R07408KEGGR07408,0.0
R07504KEGGR07504,0.0
R04748KEGGR04748,0.0
R03183KEGGR03183,0.0
R166ANIGERR01526,0.0
r735iLC915R07395,0.0
r0575YCM606R03433,0.0
r934ANIDULANS,0.0
NACETYLNEURAMINATESYNTHASERXNMetaCyc,0.0
r1033AORYZAE,0.0
R02236KEGGR02236,0.0
R02909KEGGR02909,0.0
r686ANIDULANS,0.0
R03672KEGGR03672,0.0
r0759YCM606R03443,0.0
r0542YCM606R04371,0.0
r756iLC915R05982,0.0
RXN9229MetaCyc,0.0
RXN8688MetaCyc,0.0
r0938YCM606R01373,0.0
R07219KEGGR07219,0.0
R02389KEGGR02389,0.0
ry1171YCM606,0.0
r0144YCM606R00192,0.0016237897065062875
R06064KEGGR06064,0.0
r0889YCM606R01528,1.0
R08258KEGGR08258,0.0
r0099YCM606R01624,0.0
R00985KEGGR00985,0.0
R03904KEGGR03904,0.0
R01313KEGGR01313,0.0
RXN9969MetaCyc,0.0
R02223KEGGR02223,0.0
R04100KEGGR04100,0.0
R00303KEGGR00303,-1.0
R02092KEGGR02092,0.0
R00811KEGGR00811,0.0
RXN9017MetaCyc,0.0
RXN06427MetaCyc,0.0
R61ANIGER,0.0
R04023KEGGR04023,0.0
r1188AORYZAE,0.0
r0322YCM606R02568,0.0
R03970KEGGR03970,0.0
RXN10976MetaCyc,0.0
R10030KEGGR10030,0.0
r0723YCM606R00772,0.0
r1753AORYZAE,0.0
ry883YCM606,0.0
R04942KEGGR04942,0.0
DXYLOSE1DEHYDROGENASERXNMetaCyc,0.0
RXN9175MetaCyc,0.0
R06469KEGGR06469,0.0
RXN14225MetaCyc,0.0
R04966KEGGR04966,0.0
R09634KEGGR09634,0.0
R01957KEGGR01957,0.0
r0400YCM606,0.0
R04887KEGGR04887,0.0
R05328KEGGR05328,0.0
R07606KEGGR07606,0.0
R312ANIGER,0.0
R04141KEGGR04141,0.0
R00584KEGGR00584,-1.2417515741870249
RXN10028MetaCyc,0.0
R03633KEGGR03633,0.0
r892ANIDULANS,0.0
R161ANIGERR01051,0.0
r0488YCM606R00847,1.0
R03992KEGGR03992,0.0
r0959YCM606R00224,0.0
r1077iLC915R03905,0.0
R96ANIGER,0.0
r0328YCM606R02556,0.0
R00236KEGGR00236,0.0
RXN9233MetaCyc,0.0
R02498KEGGR02498,0.0
R07675KEGGR07675,0.0
R07099KEGGR07099,0.0
r0343YCM606,0.0
RXN11396MetaCyc,0.0
R03132KEGGR03132,0.0
r0891YCM606R01513,0.0
R10036KEGGR10036,0.0
R01964KEGGR01964,0.0
r0573YCM606R05801,0.0
R10039KEGGR10039,0.0
R01230KEGGR01230,0.0
r0028YCM606R00931,0.0
R01359KEGGR01359,0.0
R03090KEGGR03090,0.0
R02593KEGGR02593,0.0
RXN12349MetaCyc,0.0
R03158KEGGR03158,0.0
RXN12645MetaCyc,0.0
R05636KEGGR05636,0.0
r0536YCM606R01158,0.0
R04911KEGGR04911,0.0
R09436KEGGR09436,0.0
ry350YCM606,0.0
R01383KEGGR01383,0.0
R04034KEGGR04034,0.0
R08351KEGGR08351,0.0
r770iLC915R05981,0.0
RXN9394MetaCyc,0.0
R08392KEGGR08392,0.0
R06378KEGGR06378,0.0
R06859KEGGR06859,0.0
R07236KEGGR07236,0.0
R02911KEGGR02911,0.0
R04949KEGGR04949,0.0
r0761iAL1006R02269,0.0
r457ANIDULANSR01982,0.0
R04184KEGGR04184,0.0
R09882KEGGR09882,0.0
R03427KEGGR03427,0.0
RXN9098MetaCyc,0.0
R08878KEGGR08878,0.0
R01835KEGGR01835,0.0
R04343KEGGR04343,0.0
r0716YCM606R00472,7.059731463842118
R09538KEGGR09538,-1.0
r1201AORYZAE,0.0
RXN14200MetaCyc,0.0
R05039KEGGR05039,0.0
R06733KEGGR06733,0.0
RXN05126MetaCyc,0.0
R533ANIGERR02018,0.0
R08391KEGGR08391,0.0
r148iLC915R00705,0.0
r0820YCM606R01870,0.0
R03315KEGGR03315,0.0
R07660KEGGR07660,0.0
R07393KEGGR07393,0.0
R03878KEGGR03878,0.0
R02323KEGGR02323,0.0
r0072YCM606,0.0
R374ANIGER,0.0
R05483KEGGR05483,0.0
r0888YCM606R08639,0.0
r1629AORYZAE,0.0
r0574YCM606R05800,0.0
r0004YCM606R00196,2.0
R06387KEGGR06387,0.0
R07104KEGGR07104,0.0
R10118KEGGR10118,-4.8013815145964145e-12
N146146146255RXNMetaCyc,1.0
R07052KEGGR07052,0.0
R07080KEGGR07080,0.0
R08294KEGGR08294,0.0
ry110YCM606,0.0
r0806YCM606R00569,0.0
R07384KEGGR07384,0.0
r2025YCM606R00174,0.0
r0804YCM606R00335,0.0
r0608iAL1006R07392,0.0
R487ANIGER,0.0
R01327KEGGR01327,0.0
RXN10MetaCyc,0.0
r151iLC915R00935,0.0
R04354KEGGR04354,0.0
R07950KEGGR07950,0.0
ry111YCM606,0.0
R01462KEGGR01462,0.0
RXN10607MetaCyc,0.0
r0674YCM606R00258,0.0
r869ANIDULANS,0.0
R05764KEGGR05764,0.0
r0250YCM606R00575,0.0
R02053KEGGR02053,0.0
r748iLC915R02051,0.0
r0951YCM606R01863,4.621415748508225
r1333iLC915R06516,0.0
r895ANIDULANS,7.202072271894622e-12
R09431KEGGR09431,0.0
R07487KEGGR07487,0.0
R07220KEGGR07220,0.0
R02250KEGGR02250,0.0
RXN11210MetaCyc,0.0
r680ANIDULANSR03889,0.0
R04555KEGGR04555,0.0
GSTRXNMetaCyc,0.0
RXN10057MetaCyc,0.0
R05231KEGGR05231,0.0
R02208KEGGR02208,0.0
r0155YCM606,0.0
r643ANIDULANSR00999,0.0
R06967KEGGR06967,0.0
r738iLC915R03435,0.0
r932ANIDULANS,0.0
RXN10979MetaCyc,0.0
r0801YCM606R00722,0.0
R00325KEGGR00325,0.0
r904iLC915R03026,0.0
N34624614626RXNMetaCyc,0.0
ry1906YCM606,0.0
r651AORYZAE,0.0
R04633KEGGR04633,0.0
R00755KEGGR00755,0.0
R08707KEGGR08707,0.0
r173iLC915R03316,0.0
RXN12253MetaCyc,0.0
N146144616463RXNMetaCyc,0.0
R09074KEGGR09074,0.0
RXN8800MetaCyc,0.0
r0506YCM606R03425,0.0
R04586KEGGR04586,0.0
r240AORYZAER02439,0.0
R02897KEGGR02897,0.0
r0067YCM606R05553,0.0
RXN9007MetaCyc,0.0
r0096YCM606,0.0
R03091KEGGR03091,0.0
r0680iAL1006R03352,0.0
r0164YCM606R01041,0.0
R08295KEGGR08295,0.0
r0228YCM606R04502,0.0
RXN04621MetaCyc,0.0
r0230YCM606R01074,0.0
r0451YCM606R01082,-8.059731463842118
r0892YCM606R01512,6.7311903649070635
r0974YCM606R02017,0.008350918515296584
r777AORYZAER02288,1.846203917343288
R08183KEGGR08183,0.0
R222RXNMetaCyc,0.0
R05301KEGGR05301,0.0
r2117YCM606R00694,18.471062804828634
r0491YCM606R00842,0.0
r0512iAL1006R08775,0.0
r0571YCM606R05202,0.0
RXN8976MetaCyc,0.0
R03693KEGGR03693,0.0
R255ANIGERR00980,0.0
r0119YCM606,0.0
RXN02061MetaCyc,0.0
r0485YCM606R00497,0.0
R00025KEGGR00025,0.0
r0983YCM606R02324,0.0
R08285KEGGR08285,0.0
r0508YCM606R03815,0.0
R637ANIGER,0.0
r753iLC915R05979,0.0
ry19YCM606,0.0
R06332KEGGR06332,0.0
R09099KEGGR09099,0.0
r0102YCM606R03991,0.0
R09408KEGGR09408,0.0
r650AORYZAE,0.0
R04764KEGGR04764,0.0
R02590KEGGR02590,0.0
R02408KEGGR02408,0.0
R05136KEGGR05136,0.0
r0216YCM606R00355,0.0
r706ANIDULANSR03293,0.0
R09172KEGGR09172,0.0
R04263KEGGR04263,0.0
R09833KEGGR09833,0.0
r0547YCM606R01775,0.0
r0349YCM606R01993,0.0
r0087YCM606R04420,0.0
R09251KEGGR09251,0.0
R08093KEGGR08093,0.0
RXN9497MetaCyc,0.0
R01266KEGGR01266,0.0
RXN8959MetaCyc,0.0
R05355KEGGR05355,0.0
RXN12751MetaCyc,0.0
r0460YCM606R00894,0.0
r0469YCM606R00261,15.146789679780843
r174iLC915R01933,0.0
r0335YCM606R03182,0.0
THIOSULFATESULFURTRANSFERASERXNMetaCyc,0.0
r0688YCM606R02260,0.0
R06917KEGGR06917,0.0
R339ANIGERR00667,1.627224276275511
r0510YCM606,0.0
R01309KEGGR01309,0.0
R05037KEGGR05037,0.0
R07055KEGGR07055,0.0
R07908KEGGR07908,0.0
R06393KEGGR06393,0.0
r1647AORYZAE,0.0
R406ANIGER,0.0
N64624614629RXNMetaCyc,0.0
R09688KEGGR09688,0.0
r0252YCM606,0.0
R05796KEGGR05796,0.0
r535AORYZAER00540,0.0
R08514KEGGR08514,0.0
R03304KEGGR03304,0.0
R04922KEGGR04922,0.0
RXN9235MetaCyc,0.0
R01403KEGGR01403,0.0
r0692YCM606R00996,0.0
RXN8748MetaCyc,0.0
ry42YCM606,0.0
R04578KEGGR04578,0.0
RXN11715MetaCyc,0.0
R05644KEGGR05644,0.0
r0073YCM606R05779,0.0
r0793YCM606R00961,0.0
RXN1F166MetaCyc,0.0
R02209KEGGR02209,0.0
R04891KEGGR04891,0.0
R05666KEGGR05666,0.0
r0278YCM606R01715,0.0
r0921YCM606,0.0
R02786KEGGR02786,0.0
R03954KEGGR03954,0.0
r1870AORYZAER02442,0.0
RXN8635MetaCyc,0.0
R05368KEGGR05368,0.0
r0831YCM606,0.0
R03771KEGGR03771,0.0
R10034KEGGR10034,0.0
R03588KEGGR03588,0.0
R01525KEGGR01525,0.0
R07050KEGGR07050,0.0
RXN9363MetaCyc,0.0
R04697KEGGR04697,0.0
r0986YCM606R04427,0.001623789711307669
R02627KEGGR02627,0.0
ACETOOHBUTSYNRXNMetaCyc,0.0
r0958YCM606R00344,0.0
r970iLC915R00434,0.0
R07447KEGGR07447,0.0
r0525YCM606R00425,0.0
R07084KEGGR07084,0.0
R451ANIGERR01251,0.0
r0032YCM606R00188,0.0
ALDHDEHYDROGRXNMetaCyc,0.0
R06392KEGGR06392,0.0
r0448YCM606R00763,0.0
R08097KEGGR08097,0.0
R02979KEGGR02979,0.0
r905iLC915R04204,0.0
r0138YCM606R01244,1.0
R10057KEGGR10057,0.0
RXN6624MetaCyc,0.0
r0440YCM606R00161,2.319699587971513e-06
r2127YCM606R01869,0.0
R01206KEGGR01206,-2.3196995875823846e-06
RXN10959MetaCyc,0.0
r0453YCM606R01867,0.0
RXN10781MetaCyc,0.0
R06120KEGGR06120,0.0
r1232AORYZAER04544,0.0
R05036KEGGR05036,0.0
ry25YCM606,0.0
R02694KEGGR02694,-6.72193412043498e-12
R10052KEGGR10052,-1.3124410422405812
RXN9153MetaCyc,0.0
ry39YCM606,0.0
ry98YCM606,0.0
ry120YCM606,0.0
R03128KEGGR03128,0.0
r652AORYZAE,0.0
r687ANIDULANSR02540,0.0
R09955KEGGR09955,0.0
r0146YCM606R03231,0.0
R09915KEGGR09915,0.0
R07669KEGGR07669,0.0
r0518iAL1006R00615,0.0
r1275AORYZAER08163,0.0
RXN9006MetaCyc,0.0
R04238KEGGR04238,0.0
r360iLC915R07769,0.0
R05844KEGGR05844,0.0
R08240KEGGR08240,0.0
r985AORYZAER01682,0.0
r0655iAL1006R05068,0.0
R56ANIGER,0.0
R03574KEGGR03574,0.0
R09375KEGGR09375,0.0
r870ANIDULANS,0.0
R07534KEGGR07534,0.0
RXN12786MetaCyc,0.0
R03319KEGGR03319,0.0
R196ANIGERR01819,0.12591470319219167
R01611KEGGR01611,0.0
ry878YCM606,0.0
R06322KEGGR06322,0.0
ry974YCM606,0.0
r0363YCM606R02094,0.0
R08837KEGGR08837,0.0
R03613KEGGR03613,0.0
r0731YCM606R01218,33.839441527015545
R01718KEGGR01718,0.0
r0786YCM606R03348,0.0
r0241YCM606R07509,0.0051033390926812465
r0092YCM606R05779,0.0
R04935KEGGR04935,0.0
R03776KEGGR03776,0.0
R04282KEGGR04282,0.0
R08948KEGGR08948,0.0
R02251KEGGR02251,0.0
N24664614640RXNMetaCyc,0.0
RXN12611MetaCyc,0.0
R08263KEGGR08263,0.0
r1044YCM606R01570,0.0
r120AORYZAER01388,-8.287089572632258
r1034YCM606R00619,0.0
R07481KEGGR07481,0.0
R546RXNMetaCyc,0.0
R02853KEGGR02853,0.0
RXN06974MetaCyc,1.0
R03796KEGGR03796,0.0
R07419KEGGR07419,0.0
r0436YCM606R00310,0.0
R09434KEGGR09434,0.0
R01155KEGGR01155,0.0
RXN14073MetaCyc,0.0
R05845KEGGR05845,0.0
RXN14171MetaCyc,0.0
r731iLC915R03393,0.0
R09406KEGGR09406,0.0
R05228KEGGR05228,0.0
R07523KEGGR07523,0.0
R00702KEGGR00702,0.0
R08090KEGGR08090,0.0
R627ANIGER,0.0
r0327YCM606R02325,0.0
R06934KEGGR06934,0.0
r662iLC915R01321,1.0
R04286KEGGR04286,0.0
R02077KEGGR02077,0.0
R07014KEGGR07014,0.0
r0543YCM606R00271,0.0
R04769KEGGR04769,0.0
r0476YCM606R00253,0.0
R08826KEGGR08826,0.0
R07282KEGGR07282,0.0
R07270KEGGR07270,0.0
ry12YCM606,0.0
r672iLC915R07768,0.0
R01779KEGGR01779,2.8808289087578487e-11
R08281KEGGR08281,0.0
R209ANIGERR02737,0.0
R02313KEGGR02313,0.0
RXN12785MetaCyc,0.0
R07897KEGGR07897,0.0
r1277AORYZAER02814,7.202072271894622e-12
R00139KEGGR00139,0.0
r0914YCM606R04144,0.0
RXN05364MetaCyc,0.0
r0315YCM606R00517,0.0
R08372KEGGR08372,0.0
RXN05226MetaCyc,0.0
r0105YCM606R03858,0.0
R08175KEGGR08175,0.0
r1077YCM606R00964,0.2482078558713151
R09506KEGGR09506,0.0
ry1901YCM606,0.0
R06614KEGGR06614,0.0
R02457KEGGR02457,0.0
r0661YCM606R00267,0.0
R07483KEGGR07483,0.0
r1767AORYZAER04988,0.0
R114ANIGER,4.8013815145964145e-12
ry147YCM606,0.0
r0402YCM606R01280,0.0
r0283YCM606R05613,0.0
R02377KEGGR02377,0.0
R10061KEGGR10061,0.0
r1005YCM606R06520,0.0
R02241KEGGR02241,0.0
r1279AORYZAE,0.0
ry24YCM606,0.0
R00558KEGGR00558,0.0
R08180KEGGR08180,0.0
R08838KEGGR08838,0.0
r13ANIDULANS,0.0
R07113KEGGR07113,0.0
RXN9869MetaCyc,0.0
RXN14023MetaCyc,0.0
R01549KEGGR01549,0.0
R09136KEGGR09136,0.0
r951iLC915R04734,0.0
RXN9281MetaCyc,0.0
R07087KEGGR07087,0.0
R03850KEGGR03850,0.0
R05284KEGGR05284,0.0
R07100KEGGR07100,0.0
r0018YCM606R01939,0.0
ry29YCM606,0.0
R09475KEGGR09475,0.0
r0812YCM606R00651,0.0
r0156YCM606R00369,32.693874206678096
R01426KEGGR01426,0.0
r0788YCM606R00122,0.0
R02920KEGGR02920,0.0
R283ANIGERR00829,0.0
R04084KEGGR04084,0.0
R07035KEGGR07035,0.0
ry482YCM606,0.0
R07478KEGGR07478,0.0
r129AORYZAER06983,0.0
HYDROXYMANDELONITRILELYASERXNMetaCyc,0.0
r0538YCM606R03243,0.0
R09660KEGGR09660,0.0
R06411KEGGR06411,0.0
R06323KEGGR06323,0.0
r722ANIDULANSR00234,0.0
R03521KEGGR03521,0.0
R00736KEGGR00736,46.89036088058094
R06522KEGGR06522,0.0
R00750KEGGR00750,0.0
r0103YCM606R00238,0.0
R09383KEGGR09383,0.0
R06364KEGGR06364,0.0
r130AORYZAER06982,0.0
R07993KEGGR07993,0.0
R02248KEGGR02248,0.0
R00844KEGGR00844,0.0
R07937KEGGR07937,0.0
R1006ANIGERR02021,0.0
R04930KEGGR04930,0.0
ry126YCM606,0.0
R01105KEGGR01105,0.0
ry59YCM606,0.0
R06891KEGGR06891,0.0
R03790KEGGR03790,0.0
r0483YCM606R00274,0.0
r0843YCM606R02473,0.0
r0065YCM606R03460,0.0
r0005YCM606R03118,0.0
R02617KEGGR02617,0.0
R07024KEGGR07024,0.0
R03770KEGGR03770,0.0
RXN11619MetaCyc,0.0
R00269KEGGR00269,0.0
R08390KEGGR08390,0.0
R06389KEGGR06389,0.0
R05566KEGGR05566,0.0
r380AORYZAE,0.0
R05701KEGGR05701,0.0
r1756AORYZAER02480,0.0
R09435KEGGR09435,0.0
RXN9227MetaCyc,0.0
R00381KEGGR00381,0.0
r0761YCM606R00259,0.0
RXN66162MetaCyc,0.0
r0802YCM606R03530,0.0
R03416KEGGR03416,0.0
r803AORYZAE,0.0
R04928KEGGR04928,0.0
R01966KEGGR01966,0.0
R05234KEGGR05234,0.0
r809iLC915R05048,0.0
R01825KEGGR01825,0.0
R05630KEGGR05630,0.0
R05575KEGGR05575,0.0
R09832KEGGR09832,0.0
R07180KEGGR07180,0.0
R190ANIGER,0.0
R07948KEGGR07948,0.0
r0333YCM606R02484,0.0
r1032iAL1006,0.0
RXN1901MetaCyc,0.0
R04210KEGGR04210,0.0
RXN9421MetaCyc,0.0
R06391KEGGR06391,0.0
r460iLC915R02654,0.0
r1074YCM606R00966,0.0
R08396KEGGR08396,0.0
N146146994628RXNMetaCyc,0.0
R05286KEGGR05286,0.0
RXN7561MetaCyc,0.0
R02433KEGGR02433,0.0
R09365KEGGR09365,0.0
R9ANIGERR02740,0.9942527833356749
r12ANIDULANSR01788,0.0
R02054KEGGR02054,0.0
R1003ANIGERR00858,-2.4846876630223704
R701ANIGERR08158,0.0
r0735YCM606R02245,0.0
R08603KEGGR08603,0.0
r659iLC915R02057,0.0
r106iLC915R00679,0.0
ry738YCM606,0.0
R01330KEGGR01330,0.0
r0274YCM606R01890,0.0
R01052KEGGR01052,0.0
R07045KEGGR07045,0.0
r0955YCM606R00278,0.0
R617ANIGER,0.0
R09725KEGGR09725,-4.8013815145964145e-12
r1069YCM606R00416,0.0
R03088KEGGR03088,0.0
R05799KEGGR05799,0.0
ry150YCM606,0.0
ry366YCM606,0.0
R07898KEGGR07898,0.0
R08613KEGGR08613,0.0
N24654614663RXNMetaCyc,0.0
RXN8090MetaCyc,0.0
R05233KEGGR05233,0.0
r323iLC915R04673,0.0
R04996KEGGR04996,0.0
r1546AORYZAER07291,0.0
r0021YCM606R04983,0.0
RXN7593MetaCyc,0.0
R206ANIGERR07145,0.0
r308iSS884R04867,0.0
r1239AORYZAER07764,0.0
r0355YCM606R01658,0.0
r1614YCM606R02088,0.0
R05333KEGGR05333,0.0
R02532KEGGR02532,0.0
r0346YCM606R02237,0.0
R07309KEGGR07309,0.0
R00109KEGGR00109,0.0
R06931KEGGR06931,0.0
r0997YCM606R02412,0.0
r0989YCM606R02315,0.0
R00111KEGGR00111,0.0
r2074YCM606R01567,0.008350918515296584
R01615KEGGR01615,0.0
R00948KEGGR00948,0.0
r872AORYZAE,0.0
R09371KEGGR09371,0.0
ry96YCM606,0.0
R08469KEGGR08469,0.0
r0811YCM606R00156,0.10925785057513027
r0347YCM606R03504,0.0
R02841KEGGR02841,0.0
R05506KEGGR05506,0.0
r0118YCM606R02283,0.0
R07887KEGGR07887,0.0
ry146YCM606,0.0
RXN5882MetaCyc,-2.0
RXN9422MetaCyc,0.0
r156iLC915R04903,0.0
R04276KEGGR04276,0.0
r805AORYZAE,0.0
R07025KEGGR07025,0.0
r175iLC915R07599,0.0
R05191KEGGR05191,0.0
ry149YCM606,0.0
r392AORYZAE,0.0
R08697KEGGR08697,0.0
r0967YCM606R04457,0.0
r782AORYZAE,0.386207489125701
R02636KEGGR02636,0.0
R03840KEGGR03840,0.0
RXN9225MetaCyc,0.0
RXN11743MetaCyc,0.0
R06345KEGGR06345,0.0
R03325KEGGR03325,0.0
R07070KEGGR07070,0.0
R04756KEGGR04756,0.0
RXN10711MetaCyc,0.0
R07499KEGGR07499,0.0
R01004KEGGR01004,0.0
R07892KEGGR07892,0.0
R01063KEGGR01063,0.0
R03408KEGGR03408,0.0
r0080YCM606R01224,0.0
R03812KEGGR03812,0.0
R02760KEGGR02760,6.72193412043498e-12
R06826KEGGR06826,0.0
R00208KEGGR00208,0.0
RXN10965MetaCyc,0.0
R02458KEGGR02458,0.0
RXN9173MetaCyc,0.0
RXN11245MetaCyc,0.0
R516ANIGERR02422,-7.65329897499282
R09797KEGGR09797,0.0
R08352KEGGR08352,0.0
ry1054YCM606,0.0
r0152iAL1006R04326,0.0
r0514YCM606R01231,0.0
R13ANIGERR04780,0.0
RXN05329MetaCyc,0.0
R618ANIGERR04960,0.0
r0507YCM606R04125,0.0
R08198KEGGR08198,0.0
ry1158YCM606,0.0
R07441KEGGR07441,0.0
R06927KEGGR06927,0.0
R03596KEGGR03596,0.0
R08959KEGGR08959,0.0
r0163YCM606R00754,0.0
r749AORYZAER02565,0.0
r0081YCM606R00830,0.0
r0783YCM606R00137,2.3196995777574614e-06
R08754KEGGR08754,0.0
r612AORYZAER01157,0.0
RXN8163MetaCyc,0.0
r0192YCM606R05002,0.0
R08831KEGGR08831,0.0
R00602KEGGR00602,0.0
r793AORYZAE,0.0
r0797YCM606R02326,0.0
R05647KEGGR05647,0.0
R05676KEGGR05676,0.0
R12ANIGERR04779,0.0
r0112YCM606R00235,0.0
ry880YCM606,0.0
R07896KEGGR07896,0.0
R514ANIGER,0.0
R08278KEGGR08278,0.0
R02718KEGGR02718,0.0
r0326YCM606R01663,0.0
r206AORYZAER01183,0.0
R07400KEGGR07400,0.0
R02254KEGGR02254,0.0
R05614KEGGR05614,0.0
R08612KEGGR08612,0.0
RXN10013MetaCyc,0.0
RXN9192MetaCyc,0.0
N24674644624RXNMetaCyc,0.0
r0511iAL1006R08774,0.0
R09403KEGGR09403,0.0
r545iLC915R03347,0.0
R07285KEGGR07285,0.0
ry129YCM606,0.0
R09433KEGGR09433,0.0
r0354YCM606R01011,0.0
ry135YCM606,0.0
RXN3O12MetaCyc,0.0
R02961KEGGR02961,0.0
RXN8631MetaCyc,0.0
ry41YCM606,0.0
r2029YCM606R01909,0.0
ry21YCM606,0.0
r0765YCM606R00104,0.0
R04152KEGGR04152,0.0
RXN9220MetaCyc,0.0
r0990YCM606R01829,6.120165166828279
R03542KEGGR03542,-1.0
R08259KEGGR08259,0.0
r1038YCM606R02016,0.0
R02917KEGGR02917,0.0
R01823KEGGR01823,1.0
R04247KEGGR04247,0.0
R04102KEGGR04102,0.0
R06412KEGGR06412,0.0
R02537KEGGR02537,0.0
r1709AORYZAER02134,0.0
r0886YCM606R00756,0.0
r1723YCM606,0.0
R04718KEGGR04718,0.0
R04961KEGGR04961,0.0
r0043YCM606R06865,0.0
r0219YCM606R02291,0.0
R05629KEGGR05629,0.0
r0559YCM606R01978,0.0
r1775AORYZAER03459,0.0
RXN6683MetaCyc,0.0
R08957KEGGR08957,0.0
ry6YCM606,0.0
RXN9139MetaCyc,0.0
r0953YCM606R01710,0.0
R03698KEGGR03698,0.0
R09442KEGGR09442,0.0
LINB2RXNMetaCyc,0.0
R06390KEGGR06390,0.0
r0937YCM606R09076,0.825917108994529
R04501KEGGR04501,0.0
r836iLC915R00287,0.0
R02670KEGGR02670,0.0
r297iLC915R04866,0.0
r0807YCM606R00719,0.0
RXN14205MetaCyc,0.0
R03996KEGGR03996,0.0
r0771YCM606R00105,0.0
R06575KEGGR06575,0.0
r0229YCM606,0.0
R04264KEGGR04264,0.0
r0528YCM606R00332,0.005567279010197712
R05775KEGGR05775,0.0
R03909KEGGR03909,0.0
r889ANIDULANS,0.0
R08820KEGGR08820,0.0
r669iLC915R01078,0.0
R06781KEGGR06781,0.0
R04500KEGGR04500,0.0
R03635KEGGR03635,0.0
R10194KEGGR10194,0.0
r1120AORYZAE,0.0
r915iLC915R00891,0.0
r299iLC915R03875,0.0
N34624614610RXNMetaCyc,0.0
R04360KEGGR04360,0.0
R07492KEGGR07492,0.0
R02577KEGGR02577,0.0
r0022YCM606R04982,0.0
R07106KEGGR07106,0.0
RXN9978MetaCyc,0.0
R02752KEGGR02752,0.0
RXN10870MetaCyc,0.0
r585AORYZAE,0.0
R02734KEGGR02734,0.0
r826AORYZAE,0.0
RXN10967MetaCyc,0.0
R09421KEGGR09421,0.0
r843AORYZAE,0.0
R06380KEGGR06380,0.0
R14ANIGERR01070,0.0
R02541KEGGR02541,0.0
r0855YCM606R04208,0.0
r671AORYZAE,0.0
r577iLC915R00513,0.0
R08980KEGGR08980,0.0
R02191KEGGR02191,0.0
r748AORYZAE,2.0
R02585KEGGR02585,0.0
R59ANIGERR00605,-4.8013815145964145e-12
R05646KEGGR05646,0.0
r0545YCM606R01934,0.0
RXN02043MetaCyc,0.0
ry100YCM606,0.0
RXN10915MetaCyc,0.0
R01767KEGGR01767,0.0
RXN14136MetaCyc,0.0
R02984KEGGR02984,0.0
RXN12705MetaCyc,0.0
ry186YCM606,0.0
R08229KEGGR08229,0.0
RXN9149MetaCyc,0.0
R04812KEGGR04812,0.0
R00900KEGGR00900,0.0
r0961YCM606R00209,0.0
R06530KEGGR06530,0.0
RXN1G4MetaCyc,0.0
R02697KEGGR02697,47.89036088058094
R00814KEGGR00814,0.0
R03674KEGGR03674,0.0
r1077ANIDULANSR03111,0.0
R05352KEGGR05352,0.0
r0601YCM606,0.0
R05780KEGGR05780,0.0
RXN9138MetaCyc,0.0
r2119YCM606R00734,0.0
R02123KEGGR02123,0.0
R01986KEGGR01986,2.825917108994529
AMYLOMALTRXNMetaCyc,0.0
R08557KEGGR08557,0.0
R03856KEGGR03856,0.0
R302ANIGERR00418,0.0
ry103YCM606,0.0
R07394KEGGR07394,0.0
R01153KEGGR01153,0.0
R02867KEGGR02867,0.0
R699ANIGER,0.0
r0271YCM606R02333,0.0
R05509KEGGR05509,0.0
RXN06983MetaCyc,1.0
R06966KEGGR06966,0.0
R05682KEGGR05682,0.0
R03918KEGGR03918,0.0
R08364KEGGR08364,0.0
r670iLC915R07460,0.0
R09380KEGGR09380,-6.72193412043498e-12
r823AORYZAE,0.0
R07990KEGGR07990,0.0
N44634614622RXNMetaCyc,0.0
RXN9448MetaCyc,0.0
r0996YCM606R02413,0.0
r1218AORYZAER04965,0.0
NUCLEOSIDEDIPHOSPHATASERXNMetaCyc,0.0
RXN12954MetaCyc,0.0
R07297KEGGR07297,0.0
R00516KEGGR00516,0.0
r0344YCM606R00939,0.0
R01352KEGGR01352,0.0
R07889KEGGR07889,0.0
R375ANIGER,0.0
r0678YCM606R03103,0.0
R06344KEGGR06344,0.0
ry125YCM606,1.008290118065247e-11
DIENELACHYDRORXNMetaCyc,0.0
r0086YCM606R07392,0.0
R8ANIGERR01600,0.0
R04218KEGGR04218,0.0
R02353KEGGR02353,0.0
R03640KEGGR03640,0.0
R09179KEGGR09179,0.0
R342ANIGERR00551,0.6272242762755108
ry874YCM606,0.0
ry36YCM606,0.0
r395AORYZAE,0.0
r1213AORYZAER04962,0.0
R02332KEGGR02332,0.0
R08201KEGGR08201,0.0
RXN10977MetaCyc,0.0
ISOCITDEHRXNMetaCyc,0.0
r0527YCM606R01229,0.1122734600389874
r0553YCM606R01736,0.0
r1741AORYZAER02272,0.0
R09368KEGGR09368,0.0
RXN12252MetaCyc,0.0
r1001YCM606R01920,0.0
R03055KEGGR03055,0.0
r678iLC915R02115,0.0
RXN10769MetaCyc,0.0
RXN9004MetaCyc,0.0
R03903KEGGR03903,0.0
RXN66350MetaCyc,0.0
R09920KEGGR09920,0.0
N3465465461RXNMetaCyc,0.0
RXN6401MetaCyc,0.0
R09175KEGGR09175,0.0
R04745KEGGR04745,0.0
r1008AORYZAE,0.0
RXN10608MetaCyc,0.0
r0117YCM606,0.0
ry31YCM606,0.0
R04480KEGGR04480,0.0
R01351KEGGR01351,0.0
r0737YCM606,0.0
r0147YCM606R00089,2.3196995875823846e-06
R09710KEGGR09710,0.0
R05824KEGGR05824,0.0
R351ANIGERR02282,-1.0
r1722YCM606R00088,0.0
r0739YCM606R01121,0.0
R08280KEGGR08280,0.0
R03893KEGGR03893,0.0
R08358KEGGR08358,0.0
R03913KEGGR03913,0.0
R08165KEGGR08165,0.0
r0689YCM606R00220,0.0
ry20YCM606,0.0
R00149KEGGR00149,0.0
R01717KEGGR01717,0.0
R03317KEGGR03317,0.0
R00681KEGGR00681,0.0
R09426KEGGR09426,0.0
r0203YCM606R00986,0.0
r0024YCM606R01213,0.0
RXN8255MetaCyc,0.0
R09932KEGGR09932,0.0
RXN06985MetaCyc,0.0
r0311YCM606R03217,0.0
R08094KEGGR08094,0.0
r1046YCM606R05763,0.0
R07235KEGGR07235,0.0
R09736KEGGR09736,0.0
R07333KEGGR07333,0.0
R04883KEGGR04883,0.0
RXN06988MetaCyc,0.0
R05092KEGGR05092,0.0
R00099KEGGR00099,0.0
r0465YCM606R00765,0.0
R02673KEGGR02673,0.0
R08833KEGGR08833,0.0
ry876YCM606,0.0
r2112YCM606R01959,0.0
R09149KEGGR09149,0.0
r0548YCM606R01771,1.0
RXN10857MetaCyc,0.0
DEOXYINOPHOSPHORRXNMetaCyc,0.0
r0097YCM606R00006,0.0
R02610KEGGR02610,0.0
R06584KEGGR06584,0.0
R323ANIGERR07172,0.0
R04941KEGGR04941,0.0
TREHALARXNMetaCyc,0.0
ry71YCM606,0.0
ry73YCM606,0.0
R01791KEGGR01791,1.0
R00001KEGGR00001,0.0
RXN10014MetaCyc,0.0
RXN9204MetaCyc,0.0
R07765KEGGR07765,0.0
r443AORYZAER08715,0.0
R08575KEGGR08575,0.0
R08548KEGGR08548,0.0
R70ANIGER,0.0
R622ANIGER,0.0
R01000KEGGR01000,0.0
R09701KEGGR09701,0.0
R09432KEGGR09432,0.0
r0019YCM606R02472,0.0
R04301KEGGR04301,0.0
RXN14199MetaCyc,0.0
RXN9450MetaCyc,0.0
r0045YCM606R02668,0.0
r0062YCM606,0.386207489125701
R03789KEGGR03789,0.0
r888ANIDULANS,0.0
R04361KEGGR04361,0.0
R02533KEGGR02533,0.0
r0563YCM606R04558,0.0
RXN10784MetaCyc,0.0
r0559iAL1006R00585,8.287089572632258
R00324KEGGR00324,0.0
N24614614664RXNMetaCyc,0.0
R00042KEGGR00042,-31.95432040906013
r0007YCM606R04640,0.0
R28ANIGERR01056,-1.0
R07083KEGGR07083,0.0
R00839KEGGR00839,0.0
R525ANIGERR00157,0.0
R06650KEGGR06650,0.0
RXN12706MetaCyc,0.0
R07891KEGGR07891,0.0
R02832KEGGR02832,0.0
r1006YCM606,0.0
R08227KEGGR08227,0.0
r180iLC915R07604,0.0
r0016YCM606R08648,0.0
r1697AORYZAE,0.0
r0039YCM606R03084,15.01827993753932
r807iLC915R04639,0.0
R15ANIGERR01015,8.120165166848444
RXN34MetaCyc,0.0
r0505YCM606R01698,0.0
r734iLC915R00508,0.0
R00855KEGGR00855,0.0
R07934KEGGR07934,0.0
R06830KEGGR06830,0.0
R01013KEGGR01013,0.0
R06471KEGGR06471,0.0
r0564YCM606R03457,0.0
R02680KEGGR02680,0.0
R02317KEGGR02317,0.0
R07001KEGGR07001,0.0
R04171KEGGR04171,0.0
r505iLC915R05556,0.0
R03004KEGGR03004,0.0
R324ANIGER,0.0
R03430KEGGR03430,0.0
R08950KEGGR08950,0.0
R09387KEGGR09387,0.0
r1805AORYZAER04870,0.0
RXN10034MetaCyc,0.0
R63ANIGER,0.0
ry121YCM606,0.0
R02925KEGGR02925,0.0
RXN8089MetaCyc,0.0
R02720KEGGR02720,0.0
r0366YCM606R00658,15.01827993753932
R03259KEGGR03259,0.0
RXN5881MetaCyc,-2.0
R08512KEGGR08512,0.0
R07437KEGGR07437,0.0
R458ANIGER,0.0
R08222KEGGR08222,0.0
RXN11548MetaCyc,0.0
R07368KEGGR07368,0.0
R02762KEGGR02762,0.0
r906iLC915R04224,0.0
R01296KEGGR01296,-15.01827993753932
R07019KEGGR07019,0.0
R03250KEGGR03250,0.0
R09445KEGGR09445,0.0
r1061AORYZAER01054,0.0
r60iLC915R04203,0.0
R07893KEGGR07893,0.0
R02329KEGGR02329,0.0
R07085KEGGR07085,0.0
R05510KEGGR05510,0.0
r0172YCM606R00904,2.651834217989058
R03272KEGGR03272,0.0
R04352KEGGR04352,0.0
r0893YCM606R01518,15.01827993753932
R05826KEGGR05826,0.0
r896ANIDULANS,0.0
RXN10011MetaCyc,0.0
R00590KEGGR00590,0.0
R01731KEGGR01731,0.0
ry116YCM606,0.0
DHLAXANAURXNMetaCyc,0.0
R04955KEGGR04955,0.0
R04339KEGGR04339,0.0
R07148KEGGR07148,0.0
R04969KEGGR04969,0.0
R04762KEGGR04762,0.0
r0036YCM606R01234,0.0
RXN06727MetaCyc,0.0
R10122KEGGR10122,-4.8013815145964145e-12
R08782KEGGR08782,-16.01827993753932
R09077KEGGR09077,1.825917108994529
r0518YCM606R03482,0.0
RXN12702MetaCyc,0.0
ry9YCM606,0.0
R08098KEGGR08098,0.0
r1072YCM606R00158,0.10925785057513027
R03528KEGGR03528,0.0
R04913KEGGR04913,0.0
r1011YCM606R02874,0.0
r0992YCM606R00586,0.0
RXN661MetaCyc,0.0
R09875KEGGR09875,0.0
R09698KEGGR09698,-2.8808289087578487e-11
R08177KEGGR08177,0.0
r30iLC915R07133,0.0
R02927KEGGR02927,0.0
r731AORYZAER01465,0.0
RXN12972MetaCyc,0.0
r0026YCM606R07396,0.0
RXN11029MetaCyc,0.0
R02554KEGGR02554,0.0
r0796YCM606R01137,0.008350918515296584
RXN8801MetaCyc,0.0
r0035YCM606,0.0
RXN9837MetaCyc,0.0
R01262KEGGR01262,0.0
R01608KEGGR01608,0.0
R09402KEGGR09402,0.0
R02746KEGGR02746,0.0
R02695KEGGR02695,0.0
R10041KEGGR10041,0.0
R01314KEGGR01314,0.0
R08288KEGGR08288,0.0
LINB1RXNMetaCyc,0.0
R00272KEGGR00272,0.0
R00402KEGGR00402,-12.13370738847923
r0139YCM606R00190,0.0
R06338KEGGR06338,0.0
R06922KEGGR06922,0.0
r1118AORYZAE,0.0
R04945KEGGR04945,0.0
HOMOSERDEAMRXNMetaCyc,-1.0
r0317YCM606R05640,0.0051033390926812465
R09367KEGGR09367,0.0
r589AORYZAE,0.0
R06786KEGGR06786,0.0
R00568KEGGR00568,-0.10925785057513027
R08245KEGGR08245,0.0
RXN14208MetaCyc,0.0
R06388KEGGR06388,0.0
R03974KEGGR03974,0.0
R404ANIGER,0.0
R08209KEGGR08209,0.0
r239ANIDULANSR01036,0.0
R06941KEGGR06941,0.0
R01341KEGGR01341,0.0
RXN11028MetaCyc,0.0
R00189KEGGR00189,0.0
r0151YCM606R04559,0.0
R08976KEGGR08976,0.0
R461ANIGERR00120,0.0
R02355KEGGR02355,0.0
RXN1801MetaCyc,0.0
R04216KEGGR04216,0.0
R02025KEGGR02025,-1.0
r2026YCM606R02493,0.0
R08232KEGGR08232,0.0
RXN5424MetaCyc,0.0
R07010KEGGR07010,0.0
R04809KEGGR04809,0.0
R10067KEGGR10067,0.0
RXN9000MetaCyc,0.0
R00691KEGGR00691,17.781670579605915
R07658KEGGR07658,0.0
r0330YCM606R02090,-0.0055672790101977225
r0364YCM606R02100,0.0
R06537KEGGR06537,0.0
RXN12430MetaCyc,0.0
R02840KEGGR02840,0.0
R07060KEGGR07060,0.0
RXN9278MetaCyc,0.0
R05662KEGGR05662,0.0
r390AORYZAE,0.0
R313RXNMetaCyc,0.0
R10102KEGGR10102,0.0
r0353YCM606R05070,0.0
r1025YCM606R00529,0.0
r757AORYZAE,0.0
R07369KEGGR07369,0.0
r840iLC915R00160,0.0
R01461KEGGR01461,0.0
RXN12059MetaCyc,0.0
r0537YCM606R03013,0.0
R10060KEGGR10060,0.0
N3468461468RXNMetaCyc,0.0
R07670KEGGR07670,0.0
r0549YCM606R01776,0.0
R08310KEGGR08310,0.0
R01059KEGGR01059,0.0
R09844KEGGR09844,0.0
R01150KEGGR01150,0.0
R01836KEGGR01836,0.0
R05692KEGGR05692,0.0
r1244AORYZAE,0.0
R01456KEGGR01456,0.0
R09391KEGGR09391,0.0
R05567KEGGR05567,0.0
r2071YCM606,0.0
R03552KEGGR03552,0.0
R05748KEGGR05748,0.0
R10119KEGGR10119,-4.8013815145964145e-12
R00600KEGGR00600,0.0
R07796KEGGR07796,0.0
R01548KEGGR01548,0.0
ACYLCOASYNRXNMetaCyc,0.0
R01951KEGGR01951,0.0
R10195KEGGR10195,0.0
R02736KEGGR02736,0.0
r825AORYZAE,0.0
r0445YCM606R00519,0.0
RXN06979MetaCyc,1.0
r458iLC915R02113,0.0
R09883KEGGR09883,0.0
R04920KEGGR04920,0.0
RXN10978MetaCyc,0.0
r0497YCM606R01030,1.0
R04058KEGGR04058,0.0
R706ANIGERR01706,0.0
RXN6501MetaCyc,0.0
r91AORYZAE,0.0
R4ANIGER,0.0
R00543KEGGR00543,0.0
r963AORYZAE,0.0
r0728YCM606R03940,0.0
R09981KEGGR09981,0.0
r178iLC915R07602,0.0
R05737KEGGR05737,0.0
R16ANIGERR01061,6.7311903649070635
R02613KEGGR02613,0.0
RXN66353MetaCyc,0.0
R08289KEGGR08289,0.0
R24ANIGER,0.0
N5DEHYDRO2DEOXYGLUCONOKINASERXNMetaCyc,0.0
r1616YCM606R01968,0.0
R00816KEGGR00816,0.0
R933ANIGER,0.0
r779AORYZAER02285,1.846203917343288
r1000AORYZAE,2.9999976803004125
RXN11493MetaCyc,0.0
r0439YCM606R02161,123.90010714278888
RXN06978MetaCyc,1.0
r0694YCM606R00678,0.0
r0667YCM606R01123,0.0
ry398YCM606,0.0
r0076YCM606R00511,0.0
R08120KEGGR08120,0.0
R05700KEGGR05700,0.0
r0884YCM606R00341,0.0
R03545KEGGR03545,0.0
ry294YCM606,0.0
R01880KEGGR01880,0.0
R00187KEGGR00187,0.0
R360ANIGERR00114,0.0
R00834KEGGR00834,0.0
r1023YCM606R00714,0.0
R07237KEGGR07237,0.0
R05329KEGGR05329,0.0
R07981KEGGR07981,0.0
RXN13600MetaCyc,0.0
R01550KEGGR01550,0.0
r0064YCM606R03894,0.5529938894728745
R08311KEGGR08311,0.0
R04137KEGGR04137,0.0
r161iLC915R03102,0.0
r172AORYZAE,0.0
r0529YCM606,0.0
RXN06980MetaCyc,1.0
R03207KEGGR03207,0.0
ry1123YCM606,0.0
r755iLC915R05982,0.0
r0847YCM606R01274,0.0
ry13YCM606,0.0
r0752YCM606,0.0
r760AORYZAE,0.0
r1769AORYZAER04990,0.0
R09726KEGGR09726,0.0
r1081YCM606R03197,0.0
r1688AORYZAE,44.71481323257651
RXN7577MetaCyc,0.0
r0939YCM606R01730,0.0
R07387KEGGR07387,0.0
R10197KEGGR10197,0.0
R04882KEGGR04882,0.0
R10021KEGGR10021,0.0
R335ANIGERR00357,0.0
R09952KEGGR09952,0.0
RXN10009MetaCyc,0.0
RXN06513MetaCyc,0.0
R5ANIGER,0.0
r1001AORYZAER00899,3.9999976803004125
RXN9388MetaCyc,0.0
r1073AORYZAER02106,0.0
R00671KEGGR00671,0.0
RXN11023MetaCyc,0.0
R04892KEGGR04892,0.0
r702ANIDULANS,0.0
R09449KEGGR09449,-2.8808289087578487e-11
r707ANIDULANSR03291,0.0
R00716KEGGR00716,0.0
ry1118YCM606,0.0
r890ANIDULANS,0.0
R02587KEGGR02587,0.0
R05840KEGGR05840,-0.5
R05723KEGGR05723,0.0
R04902KEGGR04902,0.0
R04475KEGGR04475,0.0
r0908YCM606R04591,0.0
R03809KEGGR03809,0.0
R7ANIGERR01786,0.0
RXN7706MetaCyc,0.0
RXN9364MetaCyc,0.0
r0904YCM606R03245,0.0
R05071KEGGR05071,-81.11904712005109
r0359YCM606R04481,0.0
R00668KEGGR00668,0.0
RXN9169MetaCyc,0.0
R00367KEGGR00367,0.0
R01667KEGGR01667,0.0055672790101977225
R03990KEGGR03990,0.0
RXN8770MetaCyc,0.0
ry14YCM606,0.0
r0215YCM606R00480,0.0
r1036YCM606R03223,0.0
R03486KEGGR03486,0.0
r258iLC915R00936,0.0
R09540KEGGR09540,0.0
R6ANIGER,0.0
ry139YCM606,0.0
ry35YCM606,0.0
ry877YCM606,0.0
RXN1841MetaCyc,0.0
R02902KEGGR02902,0.0
RXN9449MetaCyc,0.0
R02893KEGGR02893,0.0
R04340KEGGR04340,0.0
r0152YCM606R01083,0.0
r0041YCM606R02978,0.0
r0726YCM606R00177,0.0016237897065062875
r0143YCM606R00181,0.0
R03535KEGGR03535,0.0
ry714YCM606,0.0
R06728KEGGR06728,0.0
r947iLC915R01209,0.0
R02252KEGGR02252,0.0
r1617YCM606R01569,0.0
R00675KEGGR00675,0.0
N146144611461RXNMetaCyc,0.0
R09424KEGGR09424,0.0
RXN9366MetaCyc,0.0
r0279YCM606R01714,0.0
r157iLC915R03283,0.0
r0243YCM606R07497,0.001623789711307669
R07505KEGGR07505,0.001623789711307669
R07506KEGGR07506,0.001623789711307669
r0231YCM606R05639,0.0
r0236YCM606R07495,0.0051033390926812465
r0238YCM606,0.0051033390926812465
r0239YCM606,0.0051033390926812465
r0240YCM606,0.0051033390926812465
r0234YCM606,0.0051033390926812465
r0237YCM606,0.0051033390926812465
r0438YCM606R00081,62.95005357139444
r0226YCM606R00086,125.90010714278888
r1041YCM606R01466,1.0
r0906YCM606R03269,0.015312336977627794
r0918YCM606R04173,0.0
r0917YCM606R00582,-1.2417515741870249
R07859KEGGR07859,0.0
r3686YCM606,0.0
Ex_C00031,-1.0
Ex_C00001,-10.0
Ex_C00007,0.0
Ex_C00009,-1.0
Ex_CHEBI29033,0.0
Ex_C00059,-0.04639399175164769
Ex_C01342,-1.0
Ex_C00084,0.0
Ex_C00033,-1.0
Ex_C00288,0.0
Ex_C00469,0.0
Ex_C00011,45.62793648322885
Ex_C00116,-1.0
Ex_CHEBI37671,0.0
Ex_C00318,2.0
Ex_C00256,0.0
Ex_C00418,0.0
Ex_C00671,0.0
Ex_C00497,0.0
Ex_C04230,0.0
Ex_C00559,0.0
Ex_C00330,0.0
Ex_C05512,0.0
Ex_C00526,0.0
Ex_C02504,1.3124410422405812
Ex_CHEBI48945,0.5529938894728745
Ex_C00026,-1.0
Ex_C05853,18.471062804828634
Ex_C02223,0.0
Ex_C00430,0.0
Ex_C01092,0.0
Ex_C00385,11.541025514953834
Ex_C00147,-1.0
Ex_C00054,0.0
Ex_C00212,-1.0
Ex_C00499,0.0
Ex_C01551,-1.0
Ex_C01083,0.0
Ex_C00352,0.0
Ex_C00158,-1.0
Ex_C00475,0.0
Ex_C00380,-1.0
Ex_C00216,0.0
Ex_C00095,-1.0
Ex_C00124,-1.0
Ex_C00333,0.0
Ex_C00794,0.0
Ex_C00159,-1.0
Ex_C00121,-1.0
Ex_C00181,0.0
Ex_C00881,0.0
Ex_C00459,0.0
Ex_C15777,0.0
Ex_C01694,0.0
Ex_C00189,0.0
Ex_C00849,-0.0
Ex_C04525,0.0
Ex_C00061,0.0
Ex_C00504,-2.3196995755370153e-06
Ex_C00058,36.69074878345152
Ex_C00122,-1.0
Ex_C00334,0.0
Ex_C00127,-1.0
Ex_C00051,-1.0
Ex_C00037,-1.0
Ex_C00266,0.0
Ex_C00048,0.0
Ex_C00242,-1.0
Ex_C00387,-1.0
Ex_C00262,3.86962360437954
Ex_C00637,0.0
Ex_C00294,-1.0
Ex_C07328,0.0
Ex_C14710,0.386207489125701
Ex_CHEBI48943,0.0
Ex_C00133,-1.0
Ex_C00532,0.0
Ex_C00259,0.0
Ex_C00062,-1.0
Ex_C00152,-1.0
Ex_C00049,-1.0
Ex_C00097,-1.0
Ex_C00025,-1.0
Ex_C00064,-1.0
Ex_C00135,-1.0
Ex_C00407,-1.0
Ex_C00123,-1.0
Ex_C00047,-0.6638980219660785
Ex_C00073,1.8840150206160795
Ex_C00079,-1.0
Ex_C00148,-1.0
Ex_C00065,-1.0
Ex_C00247,0.0
Ex_C00188,-1.0
Ex_C00078,-0.06587946828733972
Ex_C00082,-1.0
Ex_C00183,-1.0
Ex_C01724,-0.0051033390926812465
Ex_C02679,0.0
Ex_C00208,-1.0
Ex_C00253,0.9999976803004222
Ex_C00455,-1.0
Ex_C06423,0.0
Ex_C00515,0.0
Ex_C00077,-1.0
Ex_C00036,0.0
Ex_C00249,0.0
Ex_C08362,0.0
Ex_CHEBI17309,0.0
Ex_C12303,0.0
Ex_C00601,0.0
Ex_C00134,-1.0
Ex_C00314,-1.0
Ex_C00022,-1.0
Ex_C00255,-0.002298822291294532
Ex_C00019,0.0
Ex_C03172,-0.0016237897065062875
Ex_C00670,-1.0
Ex_C00315,-1.0
Ex_C00750,-0.825917108994529
Ex_C01530,-2.8808289087578383e-12
Ex_C00042,-1.0
Ex_C00089,-1.0
Ex_C00068,0.0
Ex_C00378,0.0
Ex_C01081,0.0
Ex_C00214,-0.008350918515296584
Ex_C00955,0.0
Ex_C00106,1.751792144128685
Ex_C00086,-1.0
Ex_C00299,-1.0
Ex_C01762,0.0
Ex_C00379,0.0
Ex_C05437,0.0
Ex_C11455,0.0
Ex_C05440,0.0
Ex_C00246,0.0
Ex_C00492,0.0
Ex_C05402,0.0
Ex_C00864,-0.015312336977627794
scerbiomasspseudoreaction,2.3196995875823845
treebiomasspseudoreaction,0.0
Ex_C06369,0.0
Ex_C00575,0.0
Ex_C01005,0.0
Ex_C00329,-1.0
Ex_C00320,2.4846876630223704
Ex_C00327,0.0
Ex_C00218,44.71481323257171
Ex_C05332,0.0
Ex_C00179,0.0
Ex_CHEBI28223,0.0
Ex_C00020,-1.0
Ex_Cluster3898,-1.0
Ex_C00013,3.2687166723197145
Ex_Cluster168,-1.0
Ex_C01879,-1.0
Ex_CHEBI27931,-1.0
Ex_C06555,0.0
Ex_C00263,0.0
Ex_C00645,0.0
Ex_C00642,0.0
Ex_C00606,0.0
Ex_C00074,0.0
Ex_C00105,0.0
Ex_C00103,0.0
Ex_C00109,0.0
Ex_Cluster2744,-1.0
Ex_Cluster519,0.0
Ex_Cluster1480,-1.0
Ex_C12147,0.0
Ex_C00483,-1.0
Ex_C00488,0.0
Ex_C00588,-1.0
Ex_C00583,0.0
Ex_C00586,0.0
Ex_C00275,0.0
Ex_Cluster3292,0.0
Ex_C00988,0.0
Ex_Cluster4793,-1.0
Ex_C00055,0.0
Ex_C06194,0.0
Ex_C02989,-1.0
Ex_Cluster419,-1.0
Ex_C02353,0.0
Ex_C02355,0.0
Ex_C02354,0.0
Ex_C00855,0.0
Ex_C00636,0.0
Ex_C00631,0.0
Ex_C00149,-1.0
Ex_C00144,0.0
Ex_C02532,0.0
Ex_C00624,-1.0
Ex_C00156,-1.0
Ex_Cluster5933,-1.0
Ex_C00942,0.0
Ex_C00941,0.0
Ex_C00431,0.0
Ex_C00388,0.0
Ex_C00542,0.0
Ex_C00366,-1.0
Ex_C00364,0.0
Ex_C00092,-1.0
Ex_C00164,0.0
Ex_C00160,0.0
Ex_C00163,0.0
Ex_C01419,-1.0
Ex_Cluster2052,-1.0
Ex_Cluster774,0.0
Ex_C06735,0.0
Ex_C00392,-1.0
Ex_C00085,0.0
Ex_Cluster119,0.0
Ex_C00345,0.0
Ex_C00346,-1.0
Ex_Cluster843,-1.0
Ex_C00186,-2.0
Ex_C00184,0.0
Ex_C00721,-1.0
Ex_C02835,0.0
Ex_C06244,0.0
Ex_Cluster4672,-1.0
Ex_C00197,0.0
Ex_C00257,-1.0
ALLOPHANATEHYDROLASERXNMetaCyc,0.0
UREASERXNMetaCyc,-6.026074698717309
HISTIDINEAMMONIALYASERXNMetaCyc,1.846203917343288
UROCANATEHYDRATASEMetaCyc,1.846203917343288
GLUTARYLCOADEHYDROGENASERXNMetaCyc,0.0
GLUTARYLCOADEHYDROGRXNMetaCyc,0.0
GLUTACONYLCOADECARBOXYLASERXNMetaCyc,0.0
RXN1082MetaCyc,0.0
RXN1083MetaCyc,0.0
LYSINE23AMINOMUTASERXNMetaCyc,0.0
BETALYSINE56AMINOMUTASERXNMetaCyc,0.0
RXN_1_4_1_11_MetaCyc,0.0
R125RXNMetaCyc,0.0
RXN_4_3_1_14_MetaCyc,0.0
RXN7708MetaCyc,0.0
CYTDEAMRXNMetaCyc,1.0
INOSINEKINRXNMetaCyc,0.0
INOSINENUCLEOSIDASERXNMetaCyc,-1.751792144128685
RXN7682MetaCyc,0.0
RXN0901MetaCyc,-9.65329897499282
RXN0363MetaCyc,0.0
ACETYLORNDEACETRXNMetaCyc,1.0
RXN14500MetaCyc,1.0
KDPGALDOLRXNMetaCyc,0.0
DPPENTOMUTRXNMetaCyc,0.0
RXN14513MetaCyc,0.0
RXN14512MetaCyc,0.0
RXN14511MetaCyc,0.0
RXN14510MetaCyc,0.0
3SULFINYLPYRUVATESPONRXNMetaCyc,0.0
CYSTATHIONINEBETASYNTHASERXNMetaCyc,0.0
HYPOTAURINEDEHYDROGENASERXNMetaCyc,0.0
RXN0299MetaCyc,0.0
Ex_C00245,0.0
Ex_C00137,0.0
Ex_C00519,0.0
Ex_C00506,0.0
Ex_C01571,0.0
r_1682_yeast,0.0
ARGININEDEIMINASERXNMetaCyc,0.0
GUANIDINOBUTYRASEMetaCyc,0.0
Ex_C00140,0.0
Ex_C00797,0.0
Ex_C00536,0.0
Ex_C00169,0.0
Ex_C01204,0.0
Ex_C00248,0.0
EX_u_glc_D,-1.0
EX_u_h2o,-10.0
EX_u_o2,0.0
EX_u_pi,-1.0
EX_u_fe2,0.0
EX_u_so4,-0.04639399175164769
EX_u_nh4,-1.0
EX_u_acald,0.0
EX_u_ac,-1.0
EX_u_hco3,0.0
EX_u_etoh,0.0
EX_u_co2,45.62793648322885
EX_u_glyc,-1.0
EX_u_bglc,0.0
EX_u_crn,2.0
EX_u_lac_D,0.0
EX_u_mev_R,-0.0
EX_u_3mop,-0.0
EX_u_mal_D,-0.0
EX_u_agpc_EC,0.0
EX_u_dad_2,0.0
EX_u_dgsn,0.0
EX_u_din,0.0
EX_u_duri,0.0
EX_u_2ippm,1.3124410422405812
EX_u_2mbtoh,0.5529938894728745
EX_u_akg,-1.0
EX_u_pea,18.471062804828634
EX_u_2mbald,0.0
EX_u_5aop,-0.0
EX_u_8aonn,0.0
EX_u_xan,11.541025514953834
EX_u_ade,-1.0
EX_u_pap,0.0
EX_u_adn,-1.0
EX_u_alltt,0.0
EX_u_alltn,-1.0
EX_u_tre,0.0
EX_u_gam6p,0.0
EX_u_cit,-1.0
EX_u_cytd,0.0
EX_u_csn,-1.0
EX_u_arab_D,-0.0
EX_u_fru,-1.0
EX_u_gal,-1.0
EX_u_galur,-0.0
EX_u_sbt_D,-0.0
EX_u_man,-1.0
EX_u_rib_D,-1.0
EX_u_xyl_D,0.0
EX_u_dcyt,0.0
EX_u_ttp,0.0
EX_u_epist,0.0
EX_u_ergst,0.0
EX_u_etha,0.0
EX_u_fecont,0.0
EX_u_fmn,0.0
EX_u_fol,-2.3196995755370153e-06
EX_u_for,36.69074878345152
EX_u_fum,-1.0
EX_u_4abut,0.0
EX_u_gthox,-1.0
EX_u_gthrd,-1.0
EX_u_gly,-1.0
EX_u_gcald,0.0
EX_u_glx,0.0
EX_u_gua,-1.0
EX_u_gsn,-1.0
EX_u_hxan,3.86962360437954
EX_u_id3acald,0.0
EX_u_ins,-1.0
EX_u_iamoh,-0.0
EX_u_ibutoh,0.386207489125701
EX_u_2mppal,0.0
EX_u_ala_D,-1.0
EX_u_abt_L,-0.0
EX_u_arab_L,0.0
EX_u_arg_L,-1.0
EX_u_asn_L,-1.0
EX_u_asp_L,-1.0
EX_u_cys_L,-1.0
EX_u_glu_L,-1.0
EX_u_gln_L,-1.0
EX_u_his_L,-1.0
EX_u_ile_L,-1.0
EX_u_leu_L,-1.0
EX_u_lys_L,-0.6638980219660785
EX_u_met_L,1.8840150206160795
EX_u_phe_L,-1.0
EX_u_pro_L,-1.0
EX_u_ser_L,-1.0
EX_u_srb_L,0.0
EX_u_thr_L,-1.0
EX_u_trp_L,-0.06587946828733972
EX_u_tyr_L,-1.0
EX_u_val_L,-1.0
EX_u_lanost,-0.0051033390926812465
EX_u_ddca,-0.0
EX_u_malt,-1.0
EX_u_nac,0.9999976803004222
EX_u_nmn,-1.0
EX_u_octa,-0.0
EX_u_orn_D,0.0
EX_u_orn,-1.0
EX_u_oaa,0.0
EX_u_hdca,0.0
EX_u_pect,-0.0
EX_u_pheac,-0.0
EX_u_pacald,0.0
EX_u_ptrc,-1.0
EX_u_pydxn,-1.0
EX_u_pyr,-1.0
EX_u_ribflv,-0.002298822291294532
EX_u_amet,0.0
EX_u_mmet,-0.0016237897065062875
EX_u_g3pc,-1.0
EX_u_spmd,-1.0
EX_u_sprm,-0.825917108994529
EX_u_ocdca,-2.8808289087578383e-12
EX_u_succ,-1.0
EX_u_sucr,-1.0
EX_u_thmpp,-0.0
EX_u_thm,-0.0
EX_u_thmmp,0.0
EX_u_thymd,-0.008350918515296584
EX_u_ind3eth,-0.0
EX_u_ura,1.751792144128685
EX_u_urea,-1.0
EX_u_uri,-1.0
EX_u_xtsn,0.0
EX_u_xylt,-0.0
EX_u_zymst,0.0
EX_u_ergtetrol,0.0
EX_u_but,-0.0
EX_u_raffin,0.0
EX_u_melib,-0.0
EX_u_pnto_R,-0.015312336977627794
EX_u_2doxg6p,-0.0
EX_u_camp,0.0
EX_u_pser_L,0.0
EX_u_gam,-1.0
EX_u_tsul,2.4846876630223704
EX_u_citr_L,0.0
EX_u_mma,44.71481323257171
EX_u_peamn,0.0
EX_u_agm,0.0
EX_u_amp,-1.0
EX_u_alaasp,-1.0
EX_u_ppi,3.2687166723197145
EX_u_glymet,-1.0
EX_u_5oxpro,-1.0
EX_u_malttr,-1.0
EX_u_C06555,0.0
EX_u_hom_L,0.0
EX_u_acmana,0.0
EX_u_4hphac,0.0
EX_u_3sala,0.0
EX_u_pep,0.0
EX_u_ump,0.0
EX_u_g1p,0.0
EX_u_2obut,0.0
EX_u_alaleu,-1.0
EX_u_alagln,-1.0
EX_u_thrp,0.0
EX_u_tym,-1.0
EX_u_frmd,0.0
EX_u_cholp,-1.0
EX_u_12ppd_R,0.0
EX_u_2dglc,0.0
EX_u_man6p,0.0
EX_u_2pglyc,0.0
EX_u_alaglu,-1.0
EX_u_cmp,0.0
EX_u_23cgmp,0.0
EX_u_metsox_S_L,-1.0
EX_u_glygln,-1.0
EX_u_23camp,0.0
EX_u_23cump,0.0
EX_u_23ccmp,0.0
EX_u_met_D,-0.0
EX_u_man1p,0.0
EX_u_2pg,0.0
EX_u_mal_L,-1.0
EX_u_gmp,0.0
EX_u_pser_D,-0.0
EX_u_acglu,-1.0
EX_u_4hbz,-1.0
EX_u_alahis,-1.0
EX_u_35cgmp,0.0
EX_u_5aptn,0.0
EX_u_hista,-0.0
EX_u_cyst_L,0.0
EX_u_urate,-1.0
EX_u_dtmp,0.0
EX_u_g6p,-1.0
EX_u_acac,0.0
EX_u_glyclt,0.0
EX_u_ppa,-0.0
EX_u_cgly,-1.0
EX_u_glyasn,-1.0
EX_u_alagly,0.0
EX_u_aacald,-0.0
EX_u_mnl,-1.0
EX_u_f6p,0.0
EX_u_6pgc,0.0
EX_u_ethamp,-1.0
EX_u_alathr,-1.0
EX_u_lac_L,-2.0
EX_u_dha,0.0
EX_u_dextrin,-1.0
EX_u_im4ac,-0.0
EX_u_ad,0.0
EX_u_glyglu,-1.0
EX_u_3pg,0.0
EX_u_glcn,-1.0
EX_u_taur,-0.0
EX_u_inost,0.0
EX_u_hyptaur,-0.0
EX_u_Lcyst,-0.0
EX_u_dca,-0.0
EX_u_C00797,-0.0
EX_u_pppi,-0.0
EX_u_cbp,-0.0
EX_u_minohp,-0.0
EX_u_lpam,-0.0
